id,title,year,created,updated,director_id,cast,country,description,language,note,production_company,runtime,title_original,cinematography,genres,picture,producer,writer
1,The Maltese Falcon,1959,2022-09-25 18:42:22.601000,2022-11-06 13:53:19.804437,1,"Humphrey Bogart, Ward Bond, Mary Astor, Gladys George, Lee Patrick, Peter Lorre, Barton MacLane",US,"",English,"","",97,The Maltese Falcon,"","",,"",""
2,Arsenic and Old Lace,1944,2022-09-25 18:42:22.621000,2022-11-06 13:50:31.244435,2,"Cary Grant, Priscilla Lane, Raymond Massey, Jack Carson, Edward Everett Horton, Peter Lorre, James Gleason, Josephine Hull",US,"",English,"","",114,Arsenic and Old Lace,"","",,"",""
3,It Happened One Night,1938,2022-09-25 18:42:22.628000,2022-11-06 13:51:18.250398,2,"Clark Gable, Claudette Colbert, Walter Connolly, Roscoe Karns, Jameson Thomas, Alan Hale",US,"",English,"","",101,It Happened One Night,"","",,"",""
4,Ikiru,1952,2022-09-25 18:42:22.647000,2022-11-06 13:50:58.451885,3,"Takashi Shimura, Nobuo Kaneko, Kyôko Seki, Makoto Kobori, Kumeko Urabe, Yoshie Minami, Miki Odagiri, Haruo Tanaka, Kamatari Fujiwara",JP,"",Japanese,"","",143,Ikiru,"","",,"",""
5,Throne of Blood,1957,2022-09-25 18:42:22.654000,2022-11-06 13:54:09.077298,3,"Toshirô Mifune, Isuzu Yamada, Takashi Shimura, Akira Kubo, Hiroshi Tachikawa, Minoru Chiaki, Takamaru Sasaki",JP,"",Japanese,"","",105,Kumonosu-jô,"","",,"",""
6,Seven Samurai,1954,2022-09-25 18:42:22.664000,2022-11-06 13:52:48.699979,3,"Takashi Shimura, Toshirô Mifune, Yoshio Inaba, Seiji Miyaguchi, …",JP,"",Japanese,"","",205,Shichinin no samurai,"","",,"",""
7,Ran,1985,2022-09-25 18:42:22.673000,2022-11-06 13:51:45.766070,3,"Tatsuya Nakadai, Jinpachi Nezu, Daisuke Ryu, Akira Terao, Mieko Harada, Yoshiko Miyazaki, Peter, Hisashi Igawa",JP,"",Japanese,"","",160,Ran,"","",,"",""
8,Late Autumn,1960,2022-11-06 13:40:10.531520,2022-11-06 13:51:24.108813,4,"Setsuko Hara, Miyuki Kuwano, Shinichirô Mikami, Kuniko Miyake, Nobuo Nakamura, Mariko Okada, Chishu Ryu, Shin Saburi...",JP,"",Japanese,"",Shochiku,130,Akibiyori,"","",,"",""
9,2001: A Space Odyssey,1968,2022-11-18 19:25:18.840190,2022-11-18 19:25:18.840190,5,"Keir Dullea, Gary Lockwood, William Sylvester, Margaret Tyzack, Leonard Rossiter",US,"",English,"","",143,2001: A Space Odyssey,"","",,"",""
10,2046,2004,2022-11-18 19:28:29.642008,2022-11-18 19:28:29.642008,6,"Tony Leung Chiu Wai, Li Gong, Takuya Kimura, Faye Wong, Ziyi Zhang, Carina Lau, Chen Chang","","","","","",129,2046,"","",,"",""
11,Annie Hall,1977,2022-11-18 19:30:22.186796,2022-11-18 19:30:22.186796,7,"Woody Allen, Diane Keaton, Tony Roberts, Carol Kane, Paul Simon, Shelley Duvall, Janet Margolin, Christopher Walken, Colleen Dewhurst",US,"",English,"","",90,Annie Hall,"","",,"",""
12,To Catch a Thief,1955,2022-11-18 19:31:08.671403,2022-11-18 19:31:08.671403,8,"Cary Grant, Grace Kelly, Jessie Royce Landis, John Williams, Charles Vanel, Brigitte Auber, Jean Martinelli",US,"",English,"","",102,To Catch a Thief,"","",,"",""
13,Groundhog Day,1993,2022-11-18 19:31:53.517304,2022-11-18 19:31:53.517304,9,"Bill Murray,  Andie MacDowell, Chris Elliott",US,"",English,"","",101,Groundhog Day,"","",,"",""
14,Barry Lyndon,1975,2022-11-18 19:32:52.211643,2022-11-18 19:32:52.211643,5,"Ryan O'Neal, Marisa Berenson, Patrick Magee, Hardy Kruger, Steven Berkoff, Gay Hamilton, Marie Kean, Diana Körner…",US,"",English,"","",176,Barry Lyndon,"","",,"",""
15,Brief Encounter,1945,2022-11-18 19:33:42.426686,2022-11-18 19:33:42.426686,10,"Celia Johnson, Trevor Howard, Everley Gregg, Joyce Carey, Stanley Holloway, Cyril Raymond, Marjorie Mars, Margaret Barton",UK,"",English,"","",86,Brief Encounter,"","",,"",""
16,Mr. Smith Goes to Washington,1939,2022-11-18 19:34:21.699549,2022-11-18 19:34:21.699549,2,"James Stewart, Jean Arthur, Claude Rains, Edward Arnold, H. B. Warner, Thomas Mitchell, Eugene Pallette, Beulah Bondi, Guy Kibbee",US,"",English,"","",125,Mr. Smith Goes to Washington,"","",,"",""
17,Casablanca,1943,2022-11-18 19:35:05.725879,2022-11-18 19:35:05.725879,11,"Humphrey Bogart, Ingrid Bergman, Paul Henreid, Peter Lorre, S. Z. Sakall, Joy Page, Claude Rains, Conrad Veidt, Sidney Greenstreet",US,"",English,"","",98,Casablanca,"","",,"",""
18,Key Largo,1948,2022-11-18 19:35:46.006655,2022-11-18 19:35:46.006655,1,"Humphrey Bogart, Edward G. Robinson, Lauren Bacall, Lionel Barrymore, Claire Trevor, Thomas Gomez, M Lawrence",US,"",English,"","",95,Key Largo,"","",,"",""
19,Citizen Kane,1941,2022-11-18 19:36:31.537400,2022-11-18 19:36:31.537400,12,"Orson Welles, Joseph Cotten, Dorothy Commigore, Everett Sloane, Ruth Warrick, Agnes Moorehead, Ray Collins, Erskine Sanford",US,"",English,"","",119,Citizen Kane,"","",,"",""
20,Tokyo Story,1953,2022-11-18 19:37:27.973063,2022-11-18 19:37:27.973063,4,"Chishu Ryu, Chieko Higashiyama, Setsuko Hara, Haruko Sugimura, Sô Yamamura, Kuniko Miyake, Kyôko Kagawa...",JP,"",Japanese,"","",136,Tokyo monogatari,"","",,"",""
22,In the Mood for Love,2000,2022-11-18 19:39:18.167596,2022-11-18 19:39:18.167596,6,"Tony Leung Chiu Wai, Maggie Cheung, Ping Lam Siu, Tung Cho 'Joe' Cheung, Rebecca Pan, Lai Chen","","","","","",98,Fa yeung nin wa,"","",,"",""
23,The Apartment,1960,2022-11-18 19:47:42.449342,2022-11-18 19:47:42.449342,14,"Jack Lemmon, Shirley MacLaine, Fred MacMurray, David Lewis, Ray Walston, Jack Kruschen, Hope Holiday, Joan Shawlee",US,"",English,"","",125,The Apartment,"","",,"",""
24,Talk of the Town,1942,2022-11-18 19:48:30.510071,2022-11-18 19:48:30.510071,15,"Cary Grant, Jean Arthur, Ronald Colman, Edgar Buchanan, Glenda Farrell, Charles Dingle, Emma Dunn, Rex Ingram, Leonid Kinskey",US,"",English,"","",118,Talk of the Town,"","",,"",""
25,The Road Home,2000,2022-11-18 19:49:40.415346,2022-11-18 19:49:40.415346,16,"Zhang Ziyi, Sun Honglei, Zheng Hao, Zhao Yuelin",CH,"",Mandarin,"","",100,Wo de fu qin mu qin,"","",,"",""
26,Wings of Desire,1987,2022-11-18 19:50:42.267583,2022-11-18 19:50:42.267583,17,"Bruno Ganz, Solveig Dommartin, Otto Sander, Curt Bois, Peter Falk, Hans Martin Stier, Elmar Wilms, Sigurd Rachman, Beatrice Manowski, Lajos Kovács...","","","","","",127,Der Himmel über Berlin,"","",,"",""
27,Animal Crackers,1930,2022-11-18 19:51:19.720571,2022-11-18 19:51:19.720571,18,"Groucho Marx, Harpo Marx, Zeppo Marx, Margaret Dumont, Lillian Roth, Louis Sorin…",US,"",English,"","",97,Animal Crackers,"","",,"",""
28,The Leopard,1963,2022-11-18 19:52:07.165111,2022-11-18 19:52:07.165111,19,"Burt Lancaster, Paolo Stoppa, Claudia Cardinale, Alain Delon, Terence Hill, Romolo Valli, Rina Morelli, Paolo Stoppa","","","","","",181,Il Gattopardo,"","",,"",""
29,The Rickshaw Man,1958,2022-11-18 19:53:37.155861,2022-11-18 19:53:37.155861,20,"Toshirô Mifune, Hideko Takamine, Hiroshi Akutagawa, Choko Iida, Chishu Ryu, Haruo Tanaka, Jun Tatara, Nobuo Nakamura…",JP,"",Japanese,"","",105,Muhomatsu No Issho,"","",,"",""
30,Room Service,1938,2022-11-18 19:54:44.173252,2022-11-18 19:54:44.173252,21,"Groucho Marx, Chico Marx, Harpo Marx, Lucille Ball, Donald MacBride, Frank Albertson, Cliff Dunstan, Philip Loeb, Ann Miller",US,"",English,"","",78,Room Service,"","",,"",""
31,The Idiot,1951,2022-11-18 19:55:34.428217,2022-11-18 19:55:34.428217,3,"Setsuko Hara, Masayuki Mori, Toshirô Mifune, Takashi Shimura, Chieko Higashiyama",JP,"",Japanese,"","",165,Hakuchi,"","",,"",""
32,Young Frankenstein,1974,2022-11-18 19:56:13.059393,2022-11-18 19:56:13.059393,22,"Gene Wilder, Peter Boyle, Marty Feldman, Teri Garr, Cloris Leachman, Madeline Kahn, Kenneth Mars, Richard Haydn, Liam Dunn",US,"",English,"","",101,Young Frankenstein,"","",,"",""
33,The Wizard of Oz,1939,2022-11-18 19:57:00.414787,2022-11-18 19:57:00.414787,23,"Judy Garland, Ray Bolger, Jack Haley, Bert Lahr, Frank Morgan, Billie Burke, Margaret Hamilton, Charley Grapewin",US,"",English,"","",98,The Wizard of Oz,"","",,"",""
35,The General,1926,2022-11-18 19:58:26.306952,2022-11-18 19:58:26.306952,24,"Buster Keaton, Glen Cavender, Frederick Vroom, Mike Donlin, Marion Mack, Jim Farley, Joseph Keaton, Charles Smith",US,"",English,"","",75,The General,"","",,"",""
36,Sherlock Jr.,1924,2022-11-18 19:59:00.072577,2022-11-18 19:59:00.072577,24,"Buster Keaton , Kathryn McGuire, Joe Roberts, Ward Crane",US,"",English,"","",45,Sherlock Jr.,"","",,"",""
37,The Swimmer,1968,2022-11-18 20:00:20.508921,2022-11-18 20:00:20.508921,25,"Burt Lancaster, Janet Landgard, Janice Rule, Tony Bickley, Marge Champion, Nancy Cushman, Bill Fiore, David Garfield",US,"",English,"","",91,The Swimmer,"","",,"",""
38,The Scent of Green Papaya,1993,2022-11-18 20:01:35.504421,2022-11-18 20:01:35.504421,26,"Tran Nu Yên-Khê, Man San Lu, Thi Loc Truong, Anh Hoa Nguyen, Hoa Hoi Vuong, Ngoc Trung Tran, Vantha Talisman","","","","","",104,Mui du du xanh,"","",,"",""
39,The Bachelor and the Bobby-Soxer,1947,2022-11-18 20:02:10.433881,2022-11-18 20:02:10.433881,27,"Cary Grant, Myrna Loy, Shirley Temple, Rudy Vallee, Ray Collins, Harry Davenport, Johnny Sands, Don Beddoe…",US,"",English,"","",95,The Bachelor and the Bobby-Soxer,"","",,"",""
40,The Big Sleep,1946,2022-11-18 20:02:53.221713,2022-11-19 20:54:27.305464,28,"Humphrey Bogart, Bob Steele, Elisha Cook Jr., Louis Jean Heydt, Lauren Bacall, John Ridgely, Martha Vickers",US,"",English,"","",110,The Big Sleep,"","",,"",""
41,Zhou Yu's Train,2002,2022-11-18 20:06:22.473383,2022-11-18 20:06:22.473383,29,"Li Gong, Tony Leung Ka Fai, Honglei Sun, Zhixiong Li, Zhou Sun","","","","","",95,Zhou Yu de huo che,"","",,"",""
42,Wild Strawberries,1957,2022-11-18 23:58:39.437084,2022-11-18 23:58:39.437084,30,"Victor Sjöström, Bibi Andersson, Ingrid Thulin, Gunnar Björnstrand, Jullan Kindahl, Folke Sundquist, Björn Bjelfvenstam",SE,"","","","",88,Smultronstället,"","",,"",""
43,Hannah and Her Sisters,1986,2022-11-18 23:59:37.257193,2022-11-18 23:59:37.257193,7,"Barbara Hershey, Carrie Fisher, Michael Caine, Mia Farrow, Dianne Wiest, Maureen O'Sullivan, Lloyd Nolan, Max von Sydow, Woody Allen, …",US,"",English,"","",102,Hannah and Her Sisters,"","",,"",""
44,Hero,2002,2022-11-19 00:00:34.826217,2022-11-19 00:00:34.826217,16,"Jet Li, Tony Leung, Maggie Cheung, Chen Dao Ming, Donnie Yen, Zhang Ziyi …","","","","","",93,Ying Xiong,"","",,"",""
45,The Philadelphia Story,1940,2022-11-19 00:01:10.407701,2022-11-19 00:01:10.407701,31,"Katharine Hepburn, Cary Grant, James Stewart, Ruth Hussey, John Howard,  Roland Young",US,"",English,"","",110,The Philadelphia Story,"","",,"",""
46,Bringing Up Baby,1938,2022-11-19 00:02:24.345560,2022-11-19 00:02:24.345560,28,"Cary Grant, Katherine Hepburn, Charlie Ruggles, May Robson, Walter Catlett, Barry Fitzgerals, Fritz Feld, Tala Birell, Leona Roberts",US,"",English,"","",102,Bringing Up Baby,"","",,"",""
47,Cat On a Hot Tin Roof,1958,2022-11-19 00:07:55.743337,2022-11-19 00:07:55.743337,32,"Elizabeth Taylor, Paul Newman, Burl Ives, Jack Carson, Tony Merrill, Judith Anderson, Madeleine Sherwood, Larry Gates, Vaughn Taylor",US,"",English,"","",104,Cat On a Hot Tin Roof,"","",,"",""
48,Our Hospitality,1923,2022-11-19 00:09:16.963449,2022-11-19 00:09:16.963449,24,"Buster Keaton,Natalie Talmadge,Joe Roberts, Ralph Bushman,Craig Ward,Monte Collins,Joe Keaton",US,"",English,"","",65,Our Hospitality,"","",,"",""
49,Raise the Red Lantern,1991,2022-11-19 00:10:07.052878,2022-11-19 00:10:07.052878,16,"Li Gong, Caifei He, Cuifen Cao, Jingwu Ma, Qi Zhao, Lin Kong, Jin Shuyuan","","","","","",125,Da hong deng long gao gao gua,"","",,"",""
50,The Curse of the Jade Scorpion,2001,2022-11-19 00:10:43.605033,2022-11-19 00:10:43.605033,7,"Woody Allen, Dan Aykroyd, Elizabeth Berkley, Helen Hunt, Brian Markinson, Wallace Shawn, David Ogden Stiers, Charlize Theron",US,"",English,"","",103,The Curse of the Jade Scorpion,"","",,"",""
51,The Awful Truth,1937,2022-11-19 00:11:14.265525,2022-11-19 00:11:14.265525,33,"Irene Dunne, Cary Grant, Ralph Bellamy, Alexander D´Arcy, Cecil Cunningham, Molly Lamont, Esther Dale, Joyce Compton, Robert Allen",US,"",English,"","",90,The Awful Truth,"","",,"",""
52,The Purple Rose of Cairo,1985,2022-11-19 00:11:37.704721,2022-11-19 00:11:37.704721,7,"Mia Farrow, Jeff Daniels, Danny Aiello, Irving Metzman, David Kieserman, Stephanie Farrow, Elaine Grollman, Victoria Zussin, Mark Hammond",US,"",English,"","",78,The Purple Rose of Cairo,"","",,"",""
53,Shadow Of A Doubt,1943,2022-11-19 00:12:31.676509,2022-11-19 00:12:31.676509,8,"Teresa Wright, Joseph Cotten, Macdonald Carey, Edna May Wonacott, Henry Travers, Patricia Collinge, Hume Cronyn",US,"",English,"","",93,Shadow Of A Doubt,"","",,"",""
54,Rear Window,1954,2022-11-19 00:13:05.518407,2022-11-19 00:13:05.518407,8,"James Stewart, Grace Kelly, Wendell Corey, Thelma Ritter, Raymond Burr, Hudith Evelin",US,"",English,"","",109,Rear Window,"","",,"",""
55,The Lady Eve,1941,2022-11-19 00:15:14.296461,2022-11-19 00:15:14.296461,34,"Barbara Stanwyck, Henry Fonda, Eugene Pallette, William Demarest, Charles Coburn, Eric Blore, Melville Cooper, Martha O´Driscoll",US,"",English,"","",91,The Lady Eve,"","",,"",""
56,Laura,1944,2022-11-19 00:15:54.563577,2022-11-19 00:15:54.563577,35,"Gene Tierney, Dana Andrews, Clifton Webb, Vincent Price, Judith Anderson, Cy Kendall, Cy Kendall",US,"",English,"","",88,Laura,"","",,"",""
57,Lawrence of Arabia,1962,2022-11-19 00:16:34.483816,2022-11-19 00:16:34.483816,10,"Peter OToole, Alec Guinness, Anthony Quinn, Jack Hawkins, Omar Sharif, José Ferrer, Anthony Quayle, Claude Rains, Arthur Kennedy",UK,"",English,"","",217,Lawrence of Arabia,"","",,"",""
58,Gone with the Wind,1939,2022-11-19 00:17:18.572326,2022-11-19 00:17:18.572326,23,"Clark Gable, Vivien Leigh, Leslie Howard",US,"",English,"","",224,Gone with the Wind,"","",,"",""
59,The Bad Sleep Well,1960,2022-11-19 00:18:04.601446,2022-11-19 00:18:04.601446,3,"Toshirô Mifune, Takeshi Kato, Masayuki Mori, Takashi Shimura, Ko Nishimura, Kamatari Fujiwara, Gen Shimizu, Kyôko Kagawa, Tatsuya Mihashi",JP,"",Japanese,"","",150,Warui yatsu hodo yoku nemuru,"","",,"",""
61,His Girl Friday,1940,2022-11-19 00:19:21.916315,2022-11-19 00:19:21.916315,28,"Cary Grant, Roscoe Karns, Frank Jenks, Regis Toomey, Ralph Bellamy, Rosalind Russell, Helen Mack, Porter Hall, Gene Lockhart",US,"",English,"","",92,His Girl Friday,"","",,"",""
62,Madadayo,1992,2022-11-19 00:19:48.999592,2022-11-19 00:19:48.999592,3,"Tatsuo Matsumura, Kyôko Kagawa, Hisashi Igawa, Jôji Tokoro, Masayuki Yui, Akira Terao, Asei Kobayashi, Takeshi Kusaka",JP,"",Japanese,"","",134,Madadayo,"","",,"",""
63,Manhattan,1979,2022-11-19 00:20:22.299188,2022-11-19 00:20:22.299188,7,"Woody Allen, Diane Keaton, Michael Murphy, Mariel Hemingway, Meryl Streep, Anne Byrne, Karen Ludwig …",US,"",English,"","",94,Manhattan,"","",,"",""
64,To Kill A Mockingbird,1962,2022-11-19 00:21:17.521572,2022-11-19 00:21:17.522571,36,"Gregory Peck, John Megna, Frank Overton, Rosemary Murphy, Ruth White, Brock Peters, Estelle Evans, Paul Fix,…",US,"",English,"","",124,To Kill A Mockingbird,"","",,"",""
65,Metropolis,1926,2022-11-19 00:25:46.079746,2022-11-19 00:25:46.079746,37,"Alfred Abel, Gustav Fröhlich, Brigitte Helm, Rudolf Klein-Rogge, Fritz Rasp, Theodor Loos, Heinrich George, Fritz Alberti, Grete Berger, Erwin Biswanger",DE,"",German,"","",117,Metropolis,"","",,"",""
66,My Favorite Wife,1940,2022-11-19 00:27:14.262789,2022-11-19 00:27:14.262789,38,"Irene Dunne, Cary Grant, Randolph Scott, Gail Patrick, Ann Shoemaker, Scotty Beckett, M L Harrington",US,"",English,"","",88,My Favorite Wife,"","",,"",""
67,Manhattan Murder Mystery,1993,2022-11-19 00:27:41.176784,2022-11-19 00:27:41.176784,7,"Woody Allen, Diane Keaton, Jerry Adler, Lynn Cohen, Ron Rifkin, Joy Behar, William Addy, John Doumanian, Sylvia Kauders, Ira Wheeler, Alan Alda",US,"",English,"","",106,Manhattan Murder Mystery,"","",,"",""
68,Mr Blandings Builds His Dream House,1948,2022-11-19 00:28:22.316618,2022-11-19 00:28:22.316618,39,"Cary Grant, Myrna Loy, Melvyn Douglas",US,"",English,"","",93,Mr Blandings Builds His Dream House,"","",,"",""
69,My fair lady,1964,2022-11-19 00:34:42.191668,2022-11-19 00:34:42.191668,31,"Audrey Hepburn, Rex Harrison, Stanley Holloway, Theodore Bikel, Jeremy Brett, Mona Washbourne, Wilfrid Hyde-White, Gladys Cooper",US,"",English,"","",166,My fair lady,"","",,"",""
70,Not one less,1999,2022-11-19 00:35:46.491506,2022-11-19 00:35:46.491506,16,"Minzhi Wei, Huike Zhang, Zhenda Tian, Enman Gao, Zhimei Sun, Yuying Feng, Fanfan Li, Zhang Yichang, Xu Zhanqing, Hanzhi Liu",CH,"",Mandarin,"","",102,Not one less,"","",,"",""
71,Kind Hearts and Coronets,1949,2022-11-19 00:36:41.821917,2022-11-19 00:36:41.821917,40,"Dennis Price, Alec Guinness, Clive Morton, Audrey Fildes, Miles Malleson, John Penrose, Hugh Griffith, Eric Messiter",UK,"",English,"","",101,Kind Hearts and Coronets,"","",,"",""
73,Double Indemnity,1944,2022-11-19 00:38:07.963313,2022-11-19 00:38:07.963313,14,"Fred MacMurray, Barbara Stanwyck, Edward G. Robinson, Porter Hall, Jean Heather, Byron Barr, Richard Gaines",US,"",English,"","",107,Double Indemnity,"","",,"",""
74,The Vertical Ray of the Sun,2000,2022-11-19 00:39:54.937340,2022-11-19 00:39:54.937340,26,"Tran Nu Yên-Khê, Nhu Quynh Nguyen, Le Khanh, Quang Hai Ngo, Chu Hung, Manh Cuong Tran, Le Tuan Anh, Ngoc Dung Le",VN,"",Vietnamese,"","",112,Mùa hè chieu thang dung,"","",,"",""
75,Late Spring,1949,2022-11-19 00:40:42.402401,2022-11-19 00:40:42.402401,4,"Hohi Aoki, Setsuko Hara, Masao Mishima, Kuniko Miyake, Chishu Ryu, Haruko Sugimura, Yoshiko Tsubouchi",JP,"",Japanese,"","",108,Banshun,"","",,"",""
76,It's a Wonderful life,1946,2022-11-19 00:41:36.179951,2022-11-19 00:41:36.179951,2,"James Stewart, Donna Reed, Lionel Barrymore, Beulah Bondi, Gloria Grahame, Thomas Mitchell, Henry Travers, Ward Bond, Frank Faylen",US,"",English,"","",129,It's a Wonderful life,"","",,"",""
77,How Green Was My Valley,1941,2022-11-19 00:42:17.176065,2022-11-19 00:42:17.176065,41,"Walter Pidgeon, Maureen O'hara, Roddy Mac Dowall, Donald Crisp, Sara Allgood, Anna Lee, John Loder, Barry Fitzgerald",US,"",English,"","",114,How Green Was My Valley,"","",,"",""
79,Rashomon,1950,2022-11-19 00:43:31.599401,2022-11-19 00:43:31.599401,3,"Toshiro Mifune, Masayuki Mori, Machiko Kyo, Takashi Shimura, Minoru Chiaki, Kichijiro Ueda, Daisuke Kato, Fumiko Hommaº",JP,"",Japanese,"","",88,Rashomon,"","",,"",""
80,Rebecca,1940,2022-11-19 00:44:32.751310,2022-11-19 00:44:32.752309,8,"Laurence Olivier, Joan Fontaine, George Sanders, Judith Anderson",US,"",English,"","",130,Rebecca,"","",,"",""
81,Spellbound,1945,2022-11-19 00:45:13.007458,2022-11-19 00:45:13.007458,8,"Ingrid Bergman, Gregory Peck, Michael Chekhov, Leo G. Carroll, John Emery, Steven Geray, Paul Harvey",US,"",English,"","",106,Spellbound,"","",,"",""
82,Sabrina,1954,2022-11-19 00:46:13.517202,2022-11-19 00:46:13.517202,14,"Audrey Hepburn, Humphrey Bogart, Wiliam Holden, John Williams, Martha Hyer",US,"",English,"","",113,Sabrina,"","",,"",""
83,Sense and Sensibility,1995,2022-11-19 00:46:53.039589,2022-11-19 00:46:53.039589,42,"Emma Thompson, Alan Rickman, Kate Winslet, Hugh Grant, Tom Wilkinson, Emilie François, James Fleet, Harriet Walter, Gemma Jones","","","","","",131,Sense and Sensibility,"","",,"",""
84,Duck Soup,1933,2022-11-19 00:47:19.499365,2022-11-19 00:47:19.499365,33,"Groucho Marx, Harpo Marx, Chico Marx, Zeppo Marx, Margaret Dumont, Raquel Torres, Louis Calhern, Edmund Breese, Leonid Kinskey…",US,"",English,"","",70,Duck Soup,"","",,"",""
85,Star Wars IV - A new hope,1977,2022-11-19 00:48:01.056035,2022-11-19 00:48:01.056035,43,"Mark Hamill, Harrison Ford, Carrie Fisher, Alec Guinness, Anthony Daniels, Kenny Baker, Peter Mayhew, David Prowse…",US,"",English,"","",125,Star Wars IV - A new hope,"","",,"",""
86,Star Wars V - The Empire Strikes,1980,2022-11-19 00:48:28.399414,2022-11-19 00:48:28.399414,44,"Mark Hamill, Harrison Ford, Carrie Fisher, Alec Guinness, Anthony Daniels, Kenny Baker, Peter Mayhew, David Prowse…",US,"",English,"","",127,Star Wars V - The Empire Strikes,"","",,"",""
87,Star Wars VI - Return of the Jedi,1983,2022-11-19 00:48:53.857274,2022-11-19 00:48:53.857274,45,"Mark Hamill, Harrison Ford, Carrie Fisher, Alec Guinness, Anthony Daniels, Kenny Baker, Peter Mayhew, David Prowse…",US,"",English,"","",135,Star Wars VI - Return of the Jedi,"","",,"",""
88,"Play It again, Sam",1972,2022-11-19 00:49:45.594960,2022-11-19 00:49:45.594960,7,"Woody Allen, Diane Keaton, Jerry Lacy, Tony Roberts",US,"",English,"","",82,"Play It again, Sam","","",,"",""
89,Dr. Strangelove or: How learned to stop worring …,1964,2022-11-19 00:50:08.673515,2022-11-19 00:50:08.673515,5,"Peter Sellers, George C. Scott, Sterling Hayden, James Earl Jones, Peter Bull, Keenan Wynn, Slim Pickens, Tracy Reed",US,"",English,"","",90,Dr. Strangelove or: How learned to stop worring …,"","",,"",""
90,To Have and Have Not,1944,2022-11-19 00:50:37.778243,2022-11-19 00:50:37.779279,28,"Humphrey Bogart, Walter Brennan, Lauren Bacall, Dolores Moran, Hoagy Carmichael, Sheldon Leonard",US,"",English,"","",96,To Have and Have Not,"","",,"",""
92,An Affair to Remember,1957,2022-11-19 00:52:39.864506,2022-11-19 00:52:39.864506,33,"Cary Grant, Deborah Kerr, Richard Denning, Neva. Patterson, Cathleen Nesbitt, Robert Lewis",US,"",English,"","",100,An Affair to Remember,"","",,"",""
93,A Night in Casablanca,1946,2022-11-19 00:53:17.159812,2022-11-19 00:53:17.159812,46,"Groucho Marx, Chico Marx, Harpo Marx, Charles Drake, Lois Collier, Sig Ruman, Lisette Verea…",US,"",English,"","",86,A Night in Casablanca,"","",,"",""
94,A Night at the Opera,1935,2022-11-19 00:53:56.267614,2022-11-19 00:53:56.267614,47,"Groucho Marx, Harpo Marx, Chico Marx, Kitty Carlisle, Allan Jones, Walter Woolf King, Sig Ruman, Margaret Dumont…",US,"",English,"","",93,A Night at the Opera,"","",,"",""
95,Roman Holiday,1953,2022-11-19 00:54:30.844864,2022-11-19 00:54:30.844864,48,"Audrey Hepburn, Eddie Albert, Hartley Power, Laura Solari, Harcourt Williams, Margaret Rawlings",US,"",English,"","",113,Roman Holiday,"","",,"",""
96,Judgment at Nuremberg,1961,2022-11-19 00:55:09.654213,2022-11-19 00:55:09.654213,49,"Spencer Tracy, Burt Lancaster, Richard Widmark, Marlene Dietrich, Maximilian Schell, Judy Garland, Montgomery Clift, Ed Binns",US,"",English,"","",139,Judgment at Nuremberg,"","",,"",""
97,Vertigo,1958,2022-11-19 00:55:37.433140,2022-11-19 00:55:37.433140,8,"James Stewart, Kim Novak, Barbara Bel Geddes, Tom Helmore",US,"",English,"","",124,Vertigo,"","",,"",""
99,Holiday,1938,2022-11-19 00:56:41.209974,2022-11-19 00:56:41.209974,31,"Katharine Hepburn, Cary Grant, Doris Nolan, Lew Ayres, Edward E Horton",US,"",English,"","",90,Holiday,"","",,"",""
100,Top Hat,1935,2022-11-19 00:57:22.542034,2022-11-19 00:57:22.542034,50,"Fred Astaire, Ginger Rogers, Edward Everett Horton, Erik Blore, Helen Broderick, Leonard Mudie, Lucille Ball",US,"",English,"","",100,Top Hat,"","",,"",""
101,Easy Living,1937,2022-11-19 00:58:00.189390,2022-11-19 00:58:00.189390,51,"Jean Arthur, Edward Arnold, Ray Milland, Luis Alberni, Mary Nash, Franklin Pangborn, Barlowe Borland",US,"",English,"","",85,Easy Living,"","",,"",""
102,Metropolitan,1990,2022-11-19 00:58:44.459448,2022-11-19 00:58:44.459448,52,"Carolyn Farina ,  Edward Clements ,  Chris Eigeman ,  Taylor Nichols ,  Allison Parisi ,  Dylan Hundley ,  Ellia Thompson ,  Stephen Uys ,  Roger W. Kirby",US,"",English,"","",98,Metropolitan,"","",,"",""
103,Away from Her,2006,2022-11-19 00:59:59.418271,2022-11-19 00:59:59.418271,53,"Julie Christie, Gordon Pinsent, Olympia Dukakis, Michael Murphy, Wendy Crewson",US,"",English,"","",110,Away from Her,"","",,"",""
104,Finding Forrester,1998,2022-11-19 01:00:40.469858,2022-11-19 01:00:40.469858,54,"Sean Connery ,  F. Murray Abraham ,  Anna Paquin. ,  Damany Mathis ,  Glenn Fitzgerald ,  Z R. Copeland Jr ,  Fly Williams ,  J. T. Williams",US,"",English,"","",130,Finding Forrester,"","",,"",""
105,Before Sunrise,1995,2022-11-19 01:01:16.457922,2022-11-19 01:01:16.458922,55,"Ethan Hawke ,  Julie Delpy ,  Andrea Eckert ,  Hanno Pöschl ,  Karl Bruckschwaiger ,  Tex Rubinowitz",US,"",English,"","",97,Before Sunrise,"","",,"",""
106,Before Sunset,2004,2022-11-19 01:01:44.304323,2022-11-19 01:01:44.304323,55,"Ethan Hawke ,  Julie Delpy ,  Vernon Dobtcheff ,  Louise Lemoine Torres ,  Rodolphe Paulyç Ethan Hawke ,  Julie Delpy ,  Vernon Dobtcheff ,  Louise Lemoine Torres ,  Rodolphe Pauly",US,"",English,"","",77,Before Sunset,"","",,"",""
107,A Day At the Races,1937,2022-11-19 01:07:01.580196,2022-11-19 01:07:01.580196,56,"Groucho Marx, Harpo Marx, Chico Marx, Allan Jones, Maureen O'Sullivan, Margaret Dumont",US,"",English,"","",109,A Day At the Races,"","",,"",""
108,A Perfect World,1993,2022-11-19 01:08:51.450330,2022-11-19 01:08:51.450330,57,"Kevin Costner, Clint Eastwood, Laura Dern",US,"",English,"","",138,A Perfect World,"","",,"",""
109,First Blood,1982,2022-11-19 01:11:35.043328,2022-11-19 01:11:35.043328,58,"Sylvester Stallone, Richard Crenna, Brian Dennehy",US,"",English,"","",93,First Blood,"","",,"",""
110,Gone Baby Gone,2007,2022-11-19 01:13:58.864463,2022-11-19 01:13:58.864463,59,"Casey Affleck, Michelle Monaghan, Morgan Freeman, Ed Harris, John Ashton, Amy Ryan, Amy Madigan, Titus Welliver",US,"",English,"","",114,Gone Baby Gone,"","",,"",""
111,White Heat,1949,2022-11-19 01:15:40.259933,2022-11-19 01:15:40.259933,60,"James Cagney, Virginia Mayo, Edmond O'Brien, Margaret Wycherly, Steve Cochran",US,"",English,"","",114,White Heat,"","",,"",""
112,Alien,1979,2022-11-19 01:24:05.333075,2022-11-19 20:52:53.562627,64,"Tom Skerritt, Sigourney Weaver, Veronica Cartwright, Harry Dean Stanton, John Hurt, Ian Holm, Yaphet Kotto",US,"",English,"","",116,Alien,"","",,"",""
113,Aliens,1986,2022-11-19 01:25:20.072763,2022-11-19 01:25:20.072763,62,Sigourney Weaver,US,"",English,"","",137,Aliens,"","",,"",""
114,Mississippi Burning,1988,2022-11-19 01:27:23.599865,2022-11-19 01:27:23.599865,63,"Gene Hackman, Willem Dafoe",US,"",English,"","",128,Mississippi Burning,"","",,"",""
115,Black Hawk Down,2001,2022-11-19 01:30:25.542784,2022-11-19 01:30:25.542784,64,"Josh Hartnett, Ewan McGregor, Tom Sizemore, Eric Bana, William Fichtner, Ewen Bremner, Sam Shepard",US,"",English,"","",144,Black Hawk Down,"","",,"",""
116,The Petrified Forest,1936,2022-11-19 01:32:25.283587,2022-11-19 01:32:25.283587,46,"Leslie Howard, Bette Davis, Humphrey Bogart, Genevieve Tobin, Dick Foran",US,"",English,"","",82,The Petrified Forest,"","",,"",""
117,Bowfinger,1999,2022-11-19 01:33:30.465153,2022-11-19 01:33:30.465153,65,"Steve Martin, Eddie Murphy, Heather Graham, Christine Baranski, Terence Stamp",US,"",English,"","",97,Bowfinger,"","",,"",""
118,Boys On the Side,1995,2022-11-19 01:34:39.282125,2022-11-19 01:34:39.282125,66,"Whoopi Goldberg, Mary-Louise Parker, Drew Barrymore",US,"",English,"","",115,Boys On the Side,"","",,"",""
119,Calvary,2014,2022-11-19 01:36:48.981423,2022-11-19 01:36:48.981423,67,"Brendan Gleeson, Chris O'Dowd, Kelly Reilly, Aidan Gillen, Dylan Moran, Isaach de Bankolé, M. Emmet Walsh, Marie-Josée Croze, Domhnall Gleeson",IE,"","","","",101,Calvary,"","",,"",""
120,The Comancheros,1961,2022-11-19 01:38:29.538213,2022-11-19 01:38:29.538213,11,"John Wayne, Stuart Whitman, Ina Balin, Lee Marvin, Nehemiah Persoff, Bruce Cabot",US,"",English,"","",107,The Comancheros,"","",,"",""
121,Some Came Running,1958,2022-11-19 01:40:30.924644,2022-11-19 01:40:30.924644,68,"Frank Sinatra, Dean Martin, Shirley MacLaine, Martha Hyer, Arthur KennedyNancy Gates, Leora Dana",US,"",English,"","",136,Some Came Running,"","",,"",""
122,Other People's Money,1991,2022-11-19 01:41:55.300483,2022-11-19 01:41:55.300483,69,"Danny DeVito, Gregory Peck, Penelope Ann Miller, Piper Laurie",US,"",English,"","",101,Other People's Money,"","",,"",""
123,Crime and Punishment,1935,2022-11-19 01:44:33.649749,2022-11-19 01:44:33.649749,70,"Peter Lorre, Edward Arnold, Marian Marsh, Tala Birell, Gene Lockhart, Mrs Patrick Campbell",US,"",English,"","",88,Crime and Punishment,"","",,"",""
124,Soylent Green,1973,2022-11-19 01:46:37.212873,2022-11-19 01:46:37.213863,71,"Charlton Heston, Leigh Taylor-Young, Chuck Connors, Joseph Cotten, Brock Peters, Paula Kelly, Edward G. Robinson",US,"",English,"","",97,Soylent Green,"","",,"",""
125,The Dark Knight,2008,2022-11-19 01:47:49.823257,2022-11-19 01:47:49.823257,72,"Christian Bale, Michael Caine, Heath Ledger, Gary Oldman, Aaron Eckhart, Maggie Gyllenhaal, Morgan Freeman",US,"",English,"","",152,The Dark Knight,"","",,"",""
126,Let the Right One In,2008,2022-11-19 01:49:40.530236,2022-11-19 01:49:40.530236,73,"Kåre Hedebrant, Lina Leandersson, Per Ragnar, Ika Nord, Peter Carlberg",SE,"","","","",114,Let the Right One In,"","",,"",""
127,Predator,1987,2022-11-19 01:51:02.137670,2022-11-19 01:51:02.137670,74,"Arnold Schwarzenegger, Carl Weathers",US,"",English,"","",107,Predator,"","",,"",""
128,Barefoot in the Park,1967,2022-11-19 01:53:14.187959,2022-11-19 01:53:14.187959,75,"Robert Redford, Jane Fonda, Charles Boyer, Mildred Natwick",US,"",English,"","",106,Barefoot in the Park,"","",,"",""
129,Blade Runner,1982,2022-11-19 01:54:59.737990,2022-11-19 01:54:59.737990,64,"Harrison Ford, Rutger Hauer, Sean Young, Edward James Olmos",US,"",English,"","",117,Blade Runner,"","",,"",""
130,Blood Diamond,2006,2022-11-19 01:56:41.861026,2022-11-19 01:56:41.861026,76,"Leonardo DiCaprio, Jennifer Connelly, Djimon Hounsou, Michael Sheen, Arnold Vosloo",US,"",English,"","",143,Blood Diamond,"","",,"",""
131,12 Angry Men,1957,2022-11-19 01:58:24.421378,2022-11-20 17:39:55.804381,77,"Henry Fonda, Lee J. Cobb, Ed Begley, E.G. Marshall, Jack Warden",US,"",English,"","",96,12 Angry Men,"","",1_movie_12_Angry_Men(1957_film_poster.jpg,"",""
132,Dodge City,1939,2022-11-19 01:59:53.064528,2022-11-19 01:59:53.064528,11,"Errol Flynn, Olivia de Havilland, Ann Sheridan",US,"",English,"","",104,Dodge City,"","",,"",""
133,Calamity Jane,1953,2022-11-19 02:01:00.096358,2022-11-19 02:01:00.096358,78,"Doris Day, Howard Keel, Allyn Ann McLerie",US,"",English,"","",101,Calamity Jane,"","",,"",""
134,Dracula,1931,2022-11-19 02:02:57.246042,2022-11-19 02:02:57.246042,79,"Bela Lugosi, David Manners, Helen Chandler, Dwight Frye, Edward Van Sloan",US,"",English,"","",75,Dracula,"","",,"",""
135,Dracula (1979),1979,2022-11-19 02:04:25.606553,2022-11-19 19:04:43.012357,103,"Frank Langella, Laurence Olivier, Donald Pleasence, Kate Nelligan","","","","","",109,Dracula (1979),"","",,"",""
136,Gunfight at the O.K. Corral,1957,2022-11-19 02:06:02.413332,2022-11-19 02:06:02.413332,81,"Burt Lancaster, Kirk Douglas, Rhonda Fleming, Jo Van Fleet, John Ireland",US,"",English,"","",122,Gunfight at the O.K. Corral,"","",,"",""
137,Captain Blood,1935,2022-11-19 02:08:36.689836,2022-11-19 02:08:36.689836,11,"Errol Flynn, Olivia de Havilland, Basil Rathbone, Ross Alexander",US,"",English,"","",119,Captain Blood,"","",,"",""
138,Frost/Nixon,2008,2022-11-19 02:10:42.032154,2022-11-19 02:10:42.032154,82,"Frank Langella, Michael Sheen, Kevin Bacon, Rebecca Hall, Toby Jones, Matthew Macfadyen, Oliver Platt, Sam Rockwell",US,"",English,"","",122,Frost/Nixon,"","",,"",""
139,The Wailing,2016,2022-11-19 02:14:37.084766,2022-11-19 02:14:37.084766,83,"Kwak Do-won, Hwang Jung-min, Chun Woo-hee, Jun Kunimura",KR,"",Korean,"","",156,Gokseong,"","",,"",""
140,The Late Show,1977,2022-11-19 02:18:11.709221,2022-11-19 02:18:11.709221,84,"Art Carney, Lily Tomlin, Bill Macy, Eugene Roche, Joanna Cassidy",US,"",English,"","",93,The Late Show,"","",,"",""
141,The Sting,1973,2022-11-19 02:19:40.289218,2022-11-19 02:19:40.289218,85,"Paul Newman, Robert Redford, Robert Shaw, Eileen Brennan, Charles Durning, Robert Earl Jones",US,"",English,"","",129,The Sting,"","",,"",""
142,The Thieves,2012,2022-11-19 02:22:07.063487,2022-11-19 02:22:07.063487,86,"",KR,"",Korea,"","",135,Dodookdeul,"","",,"",""
143,Ace in the Hole,1951,2022-11-19 02:23:01.835500,2022-11-19 02:23:01.835500,14,Kirk Douglas,US,"",English,"","",111,Ace in the Hole,"","",,"",""
144,The Grand Budapest Hotel,2014,2022-11-19 02:24:35.954905,2022-11-19 02:24:35.954905,87,"Ralph Fiennes, F. Murray Abraham, Mathieu Amalric, Adrien Brody, Willem Dafoe, Jeff Goldblum, Harvey Keitel, Jude Law, Bill Murray, Edward Norton, Saoirse Ronan, Jason Schwartzman, Léa Seydoux, Tilda Swinton, Tom Wilkinson, Owen Wilson, Tony Revolori","","","","","",100,The Grand Budapest Hotel,"","",,"",""
145,The Great Ziegfeld,1936,2022-11-19 02:29:39.086101,2022-11-19 02:29:39.086101,88,"William Powell, Myrna Loy, Luise Rainer",US,"",English,"","",177,The Great Ziegfeld,"","",,"",""
146,The Sea Hawk,1940,2022-11-19 02:30:41.525650,2022-11-19 02:30:41.525650,11,"Errol Flynn, Brenda Marshall, Claude Rains",US,"",English,"","",127,The Sea Hawk,"","",,"",""
147,The Flame and the Arrow,1950,2022-11-19 02:32:16.091877,2022-11-19 02:32:16.091877,89,"Burt Lancaster, Virginia Mayo",US,"",English,"","",88,The Flame and the Arrow,"","",,"",""
148,The Man Who Knew Too Much,1956,2022-11-19 02:34:07.583653,2022-11-19 02:34:07.583653,8,"James Stewart, Doris Day, Brenda de Banzie, Bernard Miles, Christopher Olsen, Daniel Gélin, Reggie Nalder",US,"",English,"","",120,The Man Who Knew Too Much,"","",,"",""
149,The Man Who Came to Dinner,1942,2022-11-19 02:35:33.895179,2022-11-19 02:35:33.895179,90,"Bette Davis, Ann Sheridan, Monty Woolley",US,"",English,"","",112,The Man Who Came to Dinner,"","",,"",""
150,Pale Rider,1985,2022-11-19 02:36:53.849176,2022-11-19 02:36:53.849176,57,"Clint Eastwood, Michael Moriarty, Carrie Snodgress, Christopher Penn, Richard Dysart, Sydney Penny, Richard Kiel, Doug McGrath, John Russell",US,"",English,"","",116,Pale Rider,"","",,"",""
151,The Constant Gardener,2005,2022-11-19 02:38:21.470216,2022-11-19 02:38:21.470216,91,"Ralph Fiennes, Rachel Weisz, Danny Huston, Bill Nighy, Pete Postlethwaite",UK,"",English,"","",129,The Constant Gardener,"","",,"",""
152,Ender's Game,2013,2022-11-19 02:39:45.993081,2022-11-19 02:39:45.993081,92,"Asa Butterfield, Harrison Ford, Ben Kingsley, Viola Davis, Hailee Steinfeld, Abigail Breslin",US,"",English,"","",114,Ender's Game,"","",,"",""
153,Hard Times,1975,2022-11-19 02:41:16.154352,2022-11-19 02:41:16.154352,93,"Charles Bronson, James Coburn, Jill Ireland, Strother Martin",US,"",English,"","",93,Hard Times,"","",,"",""
154,The Caine Mutiny,1954,2022-11-19 02:43:40.162122,2022-11-19 02:43:40.162122,94,"Humphrey Bogart, José Ferrer, Van Johnson, Fred MacMurray, Robert Francis, May Wynn",US,"",English,"","",125,The Caine Mutiny,"","",,"",""
155,The Bridge on the River Kwai,1957,2022-11-19 02:45:21.238827,2022-11-19 02:45:21.238827,10,"William Holden, Alec Guinness, Jack Hawkins, Sessue Hayakawa","","","","","",161,The Bridge on the River Kwai,"","",,"",""
156,Sergeant York,1941,2022-11-19 02:46:35.591888,2022-11-19 02:46:35.591888,28,"Gary Cooper, Walter Brennan, Joan Leslie",US,"",English,"","",134,Sergeant York,"","",,"",""
157,Mr. Deeds Goes to Town,1936,2022-11-19 02:47:45.625967,2022-11-19 02:47:45.625967,2,"Gary Cooper, Jean Arthur, George Bancroft, Lionel Stander, Douglass Dumbrille, H.B. Warner",US,"",English,"","",116,Mr. Deeds Goes to Town,"","",,"",""
158,The Silence of the Lambs,1991,2022-11-19 02:49:00.338375,2022-11-19 02:49:00.338375,95,"Jodie Foster, Anthony Hopkins, Scott Glenn, Ted Levine",US,"",English,"","",118,The Silence of the Lambs,"","",,"",""
159,Tarzan and His Mate,1934,2022-11-19 02:52:38.515121,2022-11-19 02:52:38.515121,96,"Johnny Weissmuller, Maureen O'Sullivan, Neil Hamilton, Paul Cavanagh",US,"",English,"","",104,Tarzan and His Mate,"","",,"",""
160,3:10 to Yuma,2007,2022-11-19 02:54:16.633638,2022-11-19 02:54:16.633638,97,"Russell Crowe, Christian Bale, Peter Fonda, Gretchen Mol, Ben Foster, Dallas Roberts, Alan Tudyk, Vinessa Shaw, Logan Lerman",US,"",English,"","",122,3:10 to Yuma,"","",,"",""
161,High Sierra,1941,2022-11-19 02:56:03.460923,2022-11-19 02:56:03.460923,60,"Ida Lupino, Humphrey Bogart, Alan Curtis, Arthur Kennedy",US,"",English,"","",100,High Sierra,"","",,"",""
162,Gentleman Jim,1942,2022-11-19 02:57:35.513957,2022-11-19 02:57:35.513957,60,"Errol Flynn, Alexis Smith",US,"",English,"","",104,Gentleman Jim,"","",,"",""
163,Gran Torino,2008,2022-11-19 02:58:31.450980,2022-11-19 02:58:31.450980,57,Clint Eastwood,US,"",English,"","",116,Gran Torino,"","",,"",""
164,The Wild Bunch,1969,2022-11-19 02:59:48.413557,2022-11-19 02:59:48.413557,98,"William Holden, Ernest Borgnine, Robert Ryan, Edmond O'Brien, Warren Oates, Jaime Sánchez, Ben Johnson, Emilio Fernández, Strother Martin, L.Q. Jones",US,"",English,"","",145,The Wild Bunch,"","",,"",""
165,The Man Who Shot Liberty Valance,1962,2022-11-19 03:01:33.028732,2022-11-19 03:01:33.028732,41,"John Wayne, James Stewart, Lee Marvin, Vera Miles, Woody Strode",US,"",English,"","",123,The Man Who Shot Liberty Valance,"","",,"",""
166,The Violent Men,1955,2022-11-19 03:03:05.346509,2022-11-19 03:03:05.346509,99,"Glenn Ford, Barbara Stanwyck, Edward G. Robinson, Dianne Foster, Brian Keith, May Wynn, Warner Anderson",US,"",English,"","",96,The Violent Men,"","",,"",""
167,Hondo,1953,2022-11-19 03:04:38.463231,2022-11-19 03:04:38.463231,100,"John Wayne, Geraldine Page, Ward Bond, Michael Pate, James Arness, Leo Gordon",US,"",English,"","",84,Hondo,"","",,"",""
168,Horror of Dracula,1958,2022-11-19 03:06:16.817642,2022-11-19 03:06:16.817642,101,"Peter Cushing, Michael Gough, Melissa Stribling, Christopher Lee",UK,"",English,"","",82,Horror of Dracula,"","",,"",""
169,Inception,2010,2022-11-19 03:08:29.537192,2022-11-19 03:08:29.537192,72,"Leonardo DiCaprio, Ken Watanabe, Joseph Gordon-Levitt, Marion Cotillard, Elliot Page[a], Tom Hardy, Cillian Murphy,  Tom Berenger, Michael Caine",US,"",English,"","",148,Inception,"","",,"",""
170,Indiana Jones and the Temple of Doom,1984,2022-11-19 03:09:43.414967,2022-11-19 03:09:43.414967,102,"Harrison Ford, Kate Capshaw, Amrish Puri, Roshan Seth, Philip Stone, Ke Huy Quan",US,"",English,"","",118,Indiana Jones and the Temple of Doom,"","",,"",""
171,Raiders of the Lost Ark,1981,2022-11-19 03:11:17.216766,2022-11-19 03:11:17.216766,102,"Harrison Ford, Karen Allen, Paul Freeman, Ronald Lacey, John Rhys-Davies, Denholm Elliott",US,"",English,"","",115,Raiders of the Lost Ark,"","",,"",""
172,Indiana Jones and the Last Crusade,1989,2022-11-19 03:12:30.657752,2022-11-19 03:12:30.657752,102,"Harrison Ford, Denholm Elliott, Alison Doody, John Rhys-Davies, Julian Glover, Sean Connery",US,"",English,"","",128,Indiana Jones and the Last Crusade,"","",,"",""
173,WarGames,1983,2022-11-19 03:14:18.073169,2022-11-19 03:14:18.073169,103,"Matthew Broderick, Dabney Coleman, John Wood, Ally Sheedy",US,"",English,"","",114,WarGames,"","",,"",""
174,Die Hard,1988,2022-11-19 03:15:40.583659,2022-11-19 05:10:56.015881,74,"Bruce Willis, Alan Rickman, Alexander Godunov, Bonnie Bedelia",US,"",English,"","",132,Die Hard,"","",,"",""
175,Die Hard 2,1990,2022-11-19 03:17:30.368989,2022-11-19 03:17:30.368989,105,"Bruce Willis, Bonnie Bedelia, William Atherton, Reginald VelJohnson, Franco Nero, William Sadler, John Amos",US,"",English,"","",124,Die Hard 2,"","",,"",""
176,Kid Galahad,1937,2022-11-19 03:20:14.583381,2022-11-19 03:20:14.583381,11,"Edward G. Robinson, Bette Davis, Humphrey Bogart",US,"",English,"","",102,Kid Galahad,"","",,"",""
177,The Hunt for Red October,1990,2022-11-19 03:21:54.920328,2022-11-19 03:21:54.920328,74,"Sean Connery, Alec Baldwin, Scott Glenn, James Earl Jones, Sam Neill",US,"",English,"","",135,The Hunt for Red October,"","",,"",""
178,The Thin Man,1934,2022-11-19 03:23:27.347739,2022-11-19 03:23:27.347739,106,"William Powell, Myrna Loy, Maureen O'Sullivan, Nat Pendleton, Minna Gombell",US,"",English,"","",91,The Thin Man,"","",,"",""
179,Pork Chop Hill,1959,2022-11-19 03:24:41.088938,2022-11-19 03:24:41.088938,107,"Gregory Peck, Harry Guardino, Rip Torn, George Peppard, James Edwards, Bob Steele, Woody Strode, George Shibata",US,"",English,"","",97,Pork Chop Hill,"","",,"",""
180,The Thing,1982,2022-11-19 03:26:28.634562,2022-11-19 03:26:28.634562,108,Kurt Russell,US,"",English,"","",109,The Thing,"","",,"",""
181,The Hidden Fortress,1958,2022-11-19 03:27:56.849867,2022-11-19 03:27:56.849867,3,"Toshiro Mifune, Misa Uehara, Minoru Chiaki, Kamatari Fujiwara",JP,"",Japanese,"","",139,The Hidden Fortress,"","",,"",""
182,Them!,1954,2022-11-19 03:29:28.299783,2022-11-19 03:29:28.299783,109,"James Whitmore, Edmund Gwenn, Joan Weldon, James Arness",US,"",English,"","",94,Them!,"","",,"",""
183,Invasion of the Body Snatchers,1978,2022-11-19 03:30:38.358461,2022-11-19 03:30:38.358461,110,"Donald Sutherland, Brooke Adams, Leonard Nimoy, Jeff Goldblum, Veronica Cartwright",US,"",English,"","",115,Invasion of the Body Snatchers,"","",,"",""
184,Treasure Island,1934,2022-11-19 03:32:00.615478,2022-11-19 03:32:00.615478,23,"Wallace Beery, Jackie Cooper, Lionel Barrymore, Lewis Stone, Nigel Bruce",US,"",English,"","",105,Treasure Island,"","",,"",""
185,The Green Mile,1999,2022-11-19 03:35:20.212619,2022-11-19 03:35:20.212619,111,"Tom Hanks, David Morse, Bonnie Hunt, Michael Clarke Duncan, James Cromwell, Michael Jeter, Graham Greene, Doug Hutchison, Sam Rockwell, Barry Pepper, Jeffrey DeMunn, Patricia Clarkson, Harry Dean Stanton",US,"",English,"","",189,The Green Mile,"","",,"",""
186,The Princess Bride,1987,2022-11-19 03:37:07.955235,2022-11-19 03:37:07.955235,112,"Cary Elwes, Mandy Patinkin, Chris Sarandon, Christopher Guest, Wallace Shawn, André the Giant, Fred Savage, Robin Wright",US,"",English,"","",98,The Princess Bride,"","",,"",""
187,Shadow of the Thin Man,1941,2022-11-19 03:38:25.214554,2022-11-19 03:38:25.214554,106,"William Powell, Myrna Loy",US,"",English,"","",97,Shadow of the Thin Man,"","",,"",""
188,Little Shop of Horrors,1986,2022-11-19 03:39:28.810259,2022-11-19 21:07:53.686141,65,"Rick Moranis, Ellen Greene, Vincent Gardenia, Steve Martin, Levi Stubbs, James Belushi, John Candy, Christopher Guest, Bill Murray",US,"",English,"","",94,Little Shop of Horrors,"","",,"",""
189,Mutiny on the Bounty,1935,2022-11-19 03:41:23.876318,2022-11-19 03:41:23.876318,114,"Charles Laughton, Clark Gable, Franchot Tone, Movita, Mamo",US,"",English,"","",132,Mutiny on the Bounty,"","",,"",""
190,The Remains of the Day,1993,2022-11-19 03:43:23.170721,2022-11-19 03:43:23.170721,115,"Anthony Hopkins, Emma Thompson, James Fox, Christopher Reeve, Peter Vaughan, Hugh Grant, Michael Lonsdale, Tim Pigott-Smith, Lena Headey",US,"",English,"","",134,The Remains of the Day,"","",,"",""
191,Ghostbusters,1984,2022-11-19 03:44:34.734908,2022-11-19 03:44:34.734908,116,"Bill Murray, Dan Aykroyd, Sigourney Weaver, Harold Ramis, Rick Moranis",US,"",English,"","",105,Ghostbusters,"","",,"",""
192,The Sons of Katie Elder,1965,2022-11-19 03:46:43.366482,2022-11-19 03:46:43.366482,117,"John Wayne, Dean Martin, Martha Hyer, Michael Anderson Jr., Earl Holliman, George Kennedy, Paul Fix, Jeremy Slate, James Gregory, Dennis Hopper",US,"",English,"","",122,The Sons of Katie Elder,"","",,"",""
193,Twins,1988,2022-11-19 03:47:37.710785,2022-11-19 03:47:37.710785,116,"Arnold Schwarzenegger, Danny DeVito, Kelly Preston, Chloe Webb, Bonnie Bartlett, Tony Jay",US,"",English,"","",107,Twins,"","",,"",""
194,All the Fine Young Cannibals,1960,2022-11-19 03:49:01.638163,2022-11-19 03:49:01.638163,118,"Robert Wagner, Natalie Wood, Susan Kohner, George Hamilton",US,"",English,"","",112,All the Fine Young Cannibals,"","",,"",""
195,The Hateful Eight,2015,2022-11-19 03:50:32.102550,2022-11-19 03:50:32.102550,119,"Samuel L. Jackson, Kurt Russell, Jennifer Jason Leigh, Walton Goggins, Demián Bichir, Tim Roth, Michael Madsen, Bruce Dern, James Parks, Channing Tatum",US,"",English,"","",187,The Hateful Eight,"","",,"",""
196,Pulp Fiction,1994,2022-11-19 03:52:17.570503,2022-11-19 03:52:17.570503,119,"John Travolta, Samuel L. Jackson, Uma Thurman, Harvey Keitel, Tim Roth, Amanda Plummer, Maria de Medeiros, Ving Rhames, Eric Stoltz, Rosanna Arquette, Christopher Walken, Bruce Willis",US,"",English,"","",154,Pulp Fiction,"","",,"",""
197,Inglourious Basterds,2009,2022-11-19 03:53:36.084323,2022-11-19 03:53:36.084323,119,"Brad Pitt, Christoph Waltz, Michael Fassbender, Eli Roth, Diane Kruger, Daniel Brühl, Til Schweiger, Mélanie Laurent, B. J. Novak, August Diehl, Julie Dreyfus, Sylvester Groth",US,"",English,"","",153,Inglourious Basterds,"","",,"",""
198,Django Unchained,2012,2022-11-19 03:54:26.526276,2022-11-19 03:54:26.526276,119,"Jamie Foxx, Christoph Waltz, Leonardo DiCaprio, Kerry Washington, Samuel L. Jackson, Walton Goggins, Dennis Christopher, James Remar, Michael Parks, Don Johnson",US,"",English,"","",165,Django Unchained,"","",,"",""
199,Kelly's Heroes,1970,2022-11-19 03:57:07.361824,2022-11-19 03:57:07.361824,120,"Clint Eastwood, Telly Savalas, Don Rickles, Carroll O'Connor, Donald Sutherland",US,"",English,"","",146,Kelly's Heroes,"","",,"",""
200,The Harder They Fall,1956,2022-11-19 03:58:54.903266,2022-11-19 03:58:54.903266,121,"Humphrey Bogart, Rod Steiger, Jan Sterling",US,"",English,"","",109,The Harder They Fall,"","",,"",""
201,Metropolis,2001,2022-11-19 04:01:08.379047,2022-11-19 04:01:08.379047,122,"Yuka Imoto, Kei Kobayashi, Kōsei Tomita, Norio Wakamoto, Junpei Takiguchi, Masaru Ikeda, Takaya Hashi, Toshio Furukawa",JP,"",Japanese,"","",1113,Metropolis,"","",,"",""
202,The Horse Soldiers,1959,2022-11-19 04:02:12.831617,2022-11-19 04:02:12.831617,41,"John Wayne, William Holden, Constance Towers",US,"",English,"","",120,The Horse Soldiers,"","",,"",""
203,The Notorious Landlady,1962,2022-11-19 04:03:29.197644,2022-11-19 04:03:29.197644,123,"Kim Novak, Jack Lemmon, Fred Astaire, Lionel Jeffries, Estelle Winwood",US,"",English,"","",123,The Notorious Landlady,"","",,"",""
204,Open Range,2003,2022-11-19 04:05:52.680961,2022-11-19 04:05:52.680961,124,"Robert Duvall, Kevin Costner, Annette Bening, Michael Gambon, Michael Jeter",US,"",English,"","",139,Open Range,"","",,"",""
205,Shane,1953,2022-11-19 04:06:53.909316,2022-11-19 22:49:18.992223,15,"Alan Ladd, Jean Arthur, Van Heflin, Brandon deWilde, Jack Palance",US,"",English,"","",118,Shane,"","",,"",""
206,Rio Bravo,1959,2022-11-19 04:08:08.157196,2022-11-19 04:08:08.157196,28,"John Wayne, Dean Martin, Ricky Nelson, Angie Dickinson, Walter Brennan, Ward Bond, John Russell, Pedro Gonzalez Gonzalez, Estelita Rodriguez",US,"",English,"","",141,Rio Bravo,"","",,"",""
207,El Dorado,1967,2022-11-19 04:10:16.310288,2022-11-19 04:10:16.310288,28,"John Wayne, Robert Mitchum, James Caan, Charlene Holt, Paul Fix, Arthur Hunnicutt, Michele Carey",US,"",English,"","",126,El Dorado,"","",,"",""
208,Rocky,1976,2022-11-19 04:11:30.440547,2022-11-19 04:11:30.440547,125,"Sylvester Stallone, Talia Shire, Burt Young, Carl Weathers, Burgess Meredith",US,"",English,"","",119,Rocky,"","",,"",""
209,Rocky II,1979,2022-11-19 04:13:02.962845,2022-11-19 04:13:02.962845,126,"Sylvester Stallone, Talia Shire, Burt Young, Carl Weathers, Burgess Meredith, Tony Burton",US,"",English,"","",120,Rocky II,"","",,"",""
210,Rocky III,1982,2022-11-19 04:14:04.493764,2022-11-19 04:14:04.493764,126,"Sylvester Stallone, Talia Shire, Burt Young, Carl Weathers, Burgess Meredith, Tony Burton, Mr. T",US,"",English,"","",100,Rocky III,"","",,"",""
211,Romeo and Juliet,1968,2022-11-19 04:16:28.357985,2022-11-19 04:16:28.357985,127,"Leonard Whiting, Olivia Hussey, Milo O'Shea, Michael York, John McEnery, Natasha Parry, Pat Heywood, Robert Stephens","","","","","",138,Romeo e Giulietta,"","",,"",""
212,Saving Private Ryan,1998,2022-11-19 04:17:33.348977,2022-11-19 04:17:33.348977,102,"Tom Hanks, Edward Burns, Matt Damon, Tom Sizemore",US,"",English,"","",169,Saving Private Ryan,"","",,"",""
213,Fail Safe,1964,2022-11-19 04:18:51.616374,2022-11-19 04:18:51.616374,77,"Henry Fonda, Dan O'Herlihy, Walter Matthau, Frank Overton, Larry Hagman",US,"",English,"","",112,Fail Safe,"","",,"",""
214,The Shop Around the Corner,1940,2022-11-19 04:19:55.269938,2022-11-19 04:19:55.269938,128,"Margaret Sullavan, James Stewart, Frank Morgan",US,"",English,"","",99,The Shop Around the Corner,"","",,"",""
215,Little Caesar,1931,2022-11-19 04:25:06.320687,2022-11-19 04:25:06.320687,130,"Edward G. Robinson, Douglas Fairbanks Jr., Glenda Farrell",US,"",English,"","",79,Little Caesar,"","",,"",""
216,Looper,2012,2022-11-19 04:26:37.440241,2022-11-19 04:26:37.440241,131,"Bruce Willis, Joseph Gordon-Levitt, Emily Blunt, Paul Dano, Noah Segan, Piper Perabo, Garret Dillahunt, Jeff Daniels",US,"",English,"","",118,Looper,"","",,"",""
217,Letters from Iwo Jima,2006,2022-11-19 04:29:05.349564,2022-11-19 04:29:05.349564,57,"Ken Watanabe, Kazunari Ninomiya, Tsuyoshi Ihara, Ryō Kase, Shidō Nakamura",US,"",English,"","",140,Letters from Iwo Jima,"","",,"",""
218,A Streetcar Named Desire,1951,2022-11-19 04:31:18.183240,2022-11-19 04:31:18.183240,132,"Vivien Leigh, Marlon Brando, Kim Hunter, Karl Malden",US,"",English,"","",125,A Streetcar Named Desire,"","",,"",""
219,The Terminator,1984,2022-11-19 04:32:43.160380,2022-11-19 04:32:43.160380,62,"Arnold Schwarzenegger, Michael Biehn, Linda Hamilton, Paul Winfield",US,"",English,"","",107,The Terminator,"","",,"",""
220,They Died with Their Boots On,1941,2022-11-19 04:33:46.531174,2022-11-19 04:33:46.531174,60,"Errol Flynn, Olivia de Havilland",US,"",English,"","",140,They Died with Their Boots On,"","",,"",""
221,Tremors,1990,2022-11-19 04:35:03.253817,2022-11-19 04:35:03.253817,133,"Kevin Bacon, Fred Ward, Finn Carter, Michael Gross, Reba McEntire",US,"",English,"","",96,Tremors,"","",,"",""
222,Seven,1995,2022-11-19 04:37:13.233428,2022-11-19 04:37:13.233428,134,"Brad Pitt, Morgan Freeman, Gwyneth Paltrow, John C. McGinley",US,"",English,"","",127,Seven,"","",,"",""
223,Shakespeare In Love,1998,2022-11-19 04:38:34.406006,2022-11-19 04:38:34.406006,135,"Gwyneth Paltrow, Joseph Fiennes, Geoffrey Rush, Colin Firth, Ben Affleck, Judi Dench, Simon Callow, Jim Carter, Martin Clunes, Antony Sher, Imelda Staunton, Tom Wilkinson, Mark Williams",US,"",English,"","",123,Shakespeare In Love,"","",,"",""
224,Serenity,2005,2022-11-19 04:39:40.814607,2022-11-19 04:39:40.814607,136,"Nathan Fillion, Alan Tudyk, Adam Baldwin, Summer Glau, Chiwetel Ejiofor",US,"",English,"","",119,Serenity,"","",,"",""
225,Shin Godzilla,2016,2022-11-19 04:41:02.199273,2022-11-19 04:41:02.199273,137,"Hiroki Hasegawa, Yutaka Takenouchi, Satomi Ishihara",JP,"",Japanese,"","",120,Shin Gojira,"","",,"",""
226,Yojimbo,1961,2022-11-19 04:45:22.327791,2022-11-19 04:45:22.327791,3,"Toshiro Mifune, Tatsuya Nakadai, Yoko Tsukasa, Isuzu Yamada, Daisuke Katō, Takashi Shimura, Kamatari Fujiwara, Atsushi Watanabe",JP,"",Japanese,"","",110,Yojimbo,"","",,"",""
227,High and Low,1963,2022-11-19 04:46:53.910185,2022-11-19 04:46:53.910185,3,"Toshiro Mifune, Tatsuya Nakadai, Kyōko Kagawa, Tatsuya Mihashi, Yutaka Sada",JP,"",Japanese,"","",143,High and Low,"","",,"",""
228,Sanjuro,1962,2022-11-19 04:48:22.783335,2022-11-19 04:48:22.783335,3,"Toshiro Mifune, Tatsuya Nakadai, Keiju Kobayashi, Yūzō Kayama[1]",JP,"",Japanese,"","",95,Sanjuro,"","",,"",""
229,Red Beard,1965,2022-11-19 04:50:40.449715,2022-11-19 04:50:40.449715,3,"Toshiro Mifune, Yūzō Kayama, Reiko Dan, Kyōko Kagawa, Akemi Negishi, Miyuki Kuwano, Tsutomu Yamazaki, Takashi Shimura",JP,"",Japanese,"","",185,Akahige,"","",,"",""
230,Star Trek II: The Wrath of Khan,1982,2022-11-19 19:20:41.210894,2022-11-19 19:20:41.210894,138,"William Shatner, Leonard Nimoy, DeForest Kelley, James Doohan, Walter Koenig, George Takei, Nichelle Nichols, Bibi Besch, Merritt Butrick, Paul Winfield, Kirstie Alley, Ricardo Montalbán",US,"",English,"","",113,Star Trek II: The Wrath of Khan,"","",,"",""
231,Star Trek: The Motion Picture,1979,2022-11-19 19:22:16.885339,2022-11-19 19:22:16.885339,139,"William Shatner, Leonard Nimoy, DeForest Kelley, James Doohan, George Takei, Majel Barrett, Walter Koenig, Nichelle Nichols, Persis Khambatta, Stephen Collins",US,"",English,"","",132,Star Trek: The Motion Picture,"","",,"",""
232,Star Trek VI: The Undiscovered Country,1991,2022-11-19 19:23:19.708286,2022-11-19 19:23:19.708286,138,"William Shatner, Leonard Nimoy, DeForest Kelley, James Doohan, Walter Koenig, Nichelle Nichols, George Takei, Kim Cattrall, David Warner, Christopher Plummer",US,"",English,"","",110,Star Trek VI: The Undiscovered Country,"","",,"",""
233,Star Trek III: The Search for Spock,1984,2022-11-19 19:24:28.388194,2022-11-19 19:24:28.388194,140,"William Shatner, DeForest Kelley, James Doohan, George Takei, Walter Koenig, Nichelle Nichols, Merritt Butrick, Christopher Lloyd",US,"",English,"","",105,Star Trek III: The Search for Spock,"","",,"",""
234,Star Trek IV: The Voyage Home,1986,2022-11-19 19:25:33.272010,2022-11-19 19:25:33.272010,140,"William Shatner, Leonard Nimoy, DeForest Kelley, James Doohan, George Takei, Walter Koenig, Nichelle Nichols",US,"",English,"","",122,Star Trek IV: The Voyage Home,"","",,"",""
235,Star Trek: First Contact,1996,2022-11-19 19:26:43.971235,2022-11-19 19:26:43.971235,141,"Patrick Stewart, Jonathan Frakes, Brent Spiner, LeVar Burton, Michael Dorn, Gates McFadden, Marina Sirtis, Alfre Woodard, James Cromwell, Alice Krige",US,"",English,"","",111,Star Trek: First Contact,"","",,"",""
236,The Day the Earth Stood Still,1951,2022-11-19 19:29:40.342724,2022-11-19 19:29:40.342724,139,"Michael Rennie, Patricia Neal, Hugh Marlowe, Sam Jaffe, Billy Gray, Frances Bavier, Lock Martin",US,"",English,"","",92,The Day the Earth Stood Still,"","",,"",""
237,Forbidden Planet,1956,2022-11-19 19:32:30.435619,2022-11-19 19:32:30.435619,142,"Walter Pidgeon, Anne Francis, Leslie Nielsen, Warren Stevens, Robby the Robot",US,"",English,"","",98,Forbidden Planet,"","",,"",""
238,Seven Psychopaths,2012,2022-11-19 19:36:27.602674,2022-11-19 19:36:27.602674,143,"Colin Farrell, Sam Rockwell, Woody Harrelson, Christopher Walken",US,"",English,"","",110,Seven Psychopaths,"","",,"",""
239,In Bruges,2008,2022-11-19 19:38:20.191949,2022-11-19 19:38:20.191949,143,"Colin Farrell, Brendan Gleeson, Ralph Fiennes, Clémence Poésy, Jérémie Renier",US,"",English,"","",107,In Bruges,"","",,"",""
240,"Three Billboards Outside Ebbing, Missouri",2018,2022-11-19 19:39:45.692444,2022-11-19 19:39:45.692444,143,"Frances McDormand, Woody Harrelson, Sam Rockwell, John Hawkes, Peter Dinklage",US,"",English,"","",115,"Three Billboards Outside Ebbing, Missouri","","",,"",""
241,Almost Famous,2000,2022-11-19 19:41:13.924129,2022-11-19 19:41:13.924129,144,"Patrick Fugit, Billy Crudup, Frances McDormand, Kate Hudson, Jason Lee, Anna Paquin, Fairuza Balk, Noah Taylor, Philip Seymour Hoffman",US,"",English,"","",122,Almost Famous,"","",,"",""
242,Taxi Driver,1976,2022-11-19 19:43:31.468391,2022-11-19 19:43:31.468391,145,"Robert De Niro, Jodie Foster, Albert Brooks, Harvey Keitel, Leonard Harris, Peter Boyle, Cybill Shepherd",US,"",English,"","",114,Taxi Driver,"","",,"",""
243,Contact,1997,2022-11-19 19:45:09.712284,2022-11-19 19:45:09.712284,146,"Jodie Foster, Matthew McConaughey, James Woods, John Hurt, Tom Skerritt, Angela Bassett",US,"",English,"","",150,Contact,"","",,"",""
244,The Arrival,1996,2022-11-19 19:46:11.914345,2022-11-19 19:46:11.914345,147,"Charlie Sheen, Lindsay Crouse, Teri Polo, Richard Schiff, Leon Rippy, Tony T. Johnson, Ron Silver",US,"",English,"","",115,The Arrival,"","",,"",""
245,Apocalypse Now -  Redux,1979,2022-11-19 19:49:48.394859,2022-11-19 19:49:48.394859,148,"Marlon Brando, Robert Duvall, Martin Sheen, Frederic Forrest, Albert Hall, Sam Bottoms, Laurence Fishburne, Christian Marquand, Aurore Clément, Harrison Ford, Dennis Hopper",US,"",English,2001 Redux version,"",202,Apocalypse Now -  Redux,"","",,"",""
246,The Adventures of Robin Hood,1938,2022-11-19 19:57:00.162020,2022-11-19 19:57:00.162020,11,"Errol Flynn, Olivia de Havilland, Basil Rathbone, Claude Rains, Una O'Connor",US,"",English,"","",102,The Adventures of Robin Hood,"","",,"",""
247,The Charge of the Light Brigade,1936,2022-11-19 19:57:42.466976,2022-11-19 19:57:42.466976,11,"Errol Flynn, Olivia de Havilland",US,"",English,"","",115,The Charge of the Light Brigade,"","",,"",""
248,The Picture of Dorian Gray,1945,2022-11-19 20:01:15.834152,2022-11-19 20:01:15.834152,149,"George Sanders, Hurd Hatfield, Donna Reed, Angela Lansbury, Peter Lawford, Lowell Gilmore",US,"",English,"","",110,The Picture of Dorian Gray,"","",,"",""
249,All About Eve,1950,2022-11-19 20:03:25.556448,2022-11-19 20:03:25.556448,150,"Bette Davis, Anne Baxter, George Sanders, Celeste Holm, Marilyn Monroe",US,"",English,"","",138,All About Eve,"","",,"",""
250,Jezebel,1938,2022-11-19 20:05:36.730476,2022-11-19 20:05:36.730476,48,"Bette Davis, Henry Fonda, George Brent, Margaret Lindsay, Donald Crisp, Fay Bainter, Richard Cromwell, Henry O'Neill, Spring Byington, John Litel",US,"",English,"","",103,Jezebel,"","",,"",""
251,The Private Lives of Elizabeth and Essex,1939,2022-11-19 20:06:55.058179,2022-11-19 20:06:55.058179,11,"Bette Davis, Errol Flynn, Olivia de Havilland",US,"",English,"","",106,The Private Lives of Elizabeth and Essex,"","",,"",""
252,The Hucksters,1947,2022-11-19 20:18:35.034921,2022-11-19 20:18:35.034921,151,"Clark Gable, Deborah Kerr, Sydney Greenstreet, Adolphe Menjou, Ava Gardner, Keenan Wynn, Edward Arnold",US,"",English,"","",115,The Hucksters,"","",,"",""
253,China Seas,1935,2022-11-19 20:19:58.858025,2022-11-19 20:19:58.858025,152,"Clark Gable, Jean Harlow, Wallace Beery, Lewis Stone, Rosalind Russell, Robert Benchley, Akim Tamiroff",US,"",English,"","",87,China Seas,"","",,"",""
254,Strange Cargo,1940,2022-11-19 20:25:29.139996,2022-11-19 20:25:29.139996,153,"Clark Gable, Joan Crawford, Peter Lorre",US,"",English,"","",113,Strange Cargo,"","",,"",""
255,A Woman's Face,1941,2022-11-19 20:27:52.631772,2022-11-19 20:27:52.631772,31,"Joan Crawford, Melvyn Douglas, Conrad Veidt",US,"",English,"","",105,A Woman's Face,"","",,"",""
256,Red Dust,1932,2022-11-19 20:29:08.595115,2022-11-19 20:29:08.595115,23,"Clark Gable, Jean Harlow, Mary Astor, Gene Raymond",US,"",English,"","",83,Red Dust,"","",,"",""
257,Dinner at Eight,1933,2022-11-19 20:30:54.722349,2022-11-19 20:30:54.722349,31,"Marie Dressler, John Barrymore, Wallace Beery, Jean Harlow, Lionel Barrymore, Lee Tracy, Edmund Lowe, Billie Burke",US,"",English,"","",113,Dinner at Eight,"","",,"",""
258,Grand Hotel,1932,2022-11-19 20:32:15.235236,2022-11-19 20:32:15.235236,154,"Greta Garbo, John Barrymore, Joan Crawford, Wallace Beery, Lionel Barrymore, Lewis Stone, Jean Hersholt",US,"",English,"","",112,Grand Hotel,"","",,"",""
259,The Misfits,1961,2022-11-19 20:34:04.254112,2022-11-19 20:34:04.254112,1,"Clark Gable, Marilyn Monroe, Montgomery Clift, Thelma Ritter, Eli Wallach",US,"",English,"","",125,The Misfits,"","",,"",""
260,The Treasure of the Sierra Madre,1948,2022-11-19 20:35:46.927293,2022-11-19 20:35:46.927293,1,"Humphrey Bogart, Walter Huston, Tim Holt, Bruce Bennett",US,"",English,"","",126,The Treasure of the Sierra Madre,"","",,"",""
261,The African Queen,1951,2022-11-19 20:38:47.067731,2022-11-19 20:38:47.067731,1,"Humphrey Bogart, Katharine Hepburn, Robert Morley",US,"",English,"","",105,The African Queen,"","",,"",""
262,Bad Day at Black Rock,1955,2022-11-19 20:44:14.534339,2022-11-19 20:44:14.534339,81,"Spencer Tracy, Robert Ryan, Anne Francis, Dean Jagger, Walter Brennan, John Ericson, Ernest Borgnine, Lee Marvin",US,"",English,"","",81,Bad Day at Black Rock,"","",,"",""
263,Libeled Lady,1936,2022-11-19 20:49:31.105230,2022-11-19 20:49:31.105230,151,"Jean Harlow, William Powell, Myrna Loy, Spencer Tracy, Walter Connolly",US,"",English,"","",98,Libeled Lady,"","",,"",""
264,San Francisco,1936,2022-11-19 20:51:03.329742,2022-11-19 20:51:03.329742,106,"Clark Gable, Jeanette MacDonald, Spencer Tracy, Jack Holt, Jessie Ralph, Ted Healy",US,"",English,"","",115,San Francisco,"","",,"",""
265,Jaws,1975,2022-11-19 20:56:19.637362,2022-11-19 20:56:19.637362,102,"Roy Scheider, Robert Shaw, Richard Dreyfuss, Lorraine Gary, Murray Hamilton",US,"",English,"","",124,Jaws,"","",,"",""
266,San Antonio,1945,2022-11-19 20:59:44.190214,2022-11-19 20:59:44.190214,78,"Errol Flynn, Alexis Smith",US,"",English,"","",109,San Antonio,"","",,"",""
267,Miracle on 34th Street,1947,2022-11-19 21:02:37.246438,2022-11-19 21:02:37.246438,155,"Maureen O'Hara, John Payne, Edmund Gwenn, Gene Lockhart, Natalie Wood, Porter Hall, William Frawley, Jerome Cowan, Philip Tonge",US,"",English,"","",96,Miracle on 34th Street,"","",,"",""
268,The Quiet Man,1952,2022-11-19 21:04:45.026012,2022-11-19 21:05:00.056767,41,"John Wayne, Maureen O'Hara, Barry Fitzgerald, Ward Bond, Victor McLaglen, Mildred Natwick, Francis Ford",US,"",English,"","",129,The Quiet Man,"","",,"",""
269,Westworld,1973,2022-11-19 21:14:21.385282,2022-11-19 21:14:21.385282,156,"Yul Brynner, Richard Benjamin, James Brolin",US,"",English,"","",88,Westworld,"","",,"",""
270,Logan's Run,1976,2022-11-19 21:16:08.690653,2022-11-19 21:16:08.690653,118,"Michael York, Jenny Agutter, Richard Jordan, Roscoe Lee Browne, Farrah Fawcett-Majors, Peter Ustinov",US,"",English,"","",118,Logan's Run,"","",,"",""
271,Mimic,1997,2022-11-19 21:20:20.758805,2022-11-19 21:20:20.758805,157,"Mira Sorvino, Jeremy Northam, Josh Brolin, Giancarlo Giannini, Alexander Goodwin, F. Murray Abraham, Charles S. Dutton",US,"",English,"","",106,Mimic,"","",,"",""
272,Breakout,1975,2022-11-19 21:25:01.148063,2022-11-19 21:25:01.148063,158,"Charles Bronson, Robert Duvall, Jill Ireland",US,"",English,"","",96,Breakout,"","",,"",""
273,From Noon till Three,1976,2022-11-19 21:28:52.660900,2022-11-19 21:28:52.660900,159,"Charles Bronson, Jill Ireland",US,"",English,"","",99,From Noon till Three,"","",,"",""
274,Breakheart Pass,1975,2022-11-19 21:30:11.733992,2022-11-19 21:30:11.733992,158,"Charles Bronson, Ben Johnson, Richard Crenna, Jill Ireland, Charles Durning, Ed Lauter, David Huddleston",US,"",English,"","",95,Breakheart Pass,"","",,"",""
275,Jubal,1956,2022-11-19 21:31:30.025975,2022-11-19 21:33:36.481648,160,"Glenn Ford, Ernest Borgnine, Rod Steiger, Charles Bronson, Valerie French, Felicia Farr",US,"",English,"","",101,Jubal,"","",,"",""
276,The Magnificent Seven,1960,2022-11-19 21:35:53.582967,2022-11-19 21:35:53.582967,81,"Yul Brynner, Eli Wallach, Steve McQueen, Charles Bronson, Robert Vaughn, Horst Buchholz",US,"",English,"","",128,The Magnificent Seven,"","",,"",""
277,Once Upon a Time in the West,1968,2022-11-19 21:37:16.153143,2022-11-19 21:37:16.153143,161,"Claudia Cardinale, Henry Fonda, Jason Robards, Charles Bronson, Gabriele Ferzetti, Woody Strode, Jack Elam, Lionel Stander, Paolo Stoppa, Frank Wolff, Keenan Wynn",US,"",English,"","",166,Once Upon a Time in the West,"","",,"",""
278,A Fistful of Dollars,1964,2022-11-19 21:39:07.380574,2022-11-19 21:39:07.380574,161,"Clint Eastwood, Marianne Koch, Josef Egger, Wolfgang Lukschy, Gian Maria Volonté, Daniel Martín, Bruno Carotenuto, Benito Stefanelli",US,"",English,"","",99,A Fistful of Dollars,"","",,"",""
279,The Band Wagon,1953,2022-11-19 21:43:59.533735,2022-11-19 21:43:59.533735,68,"Fred Astaire, Cyd Charisse, Oscar Levant, Nanette Fabray, Jack Buchanan",US,"",English,"","",111,The Band Wagon,"","",,"",""
280,Singin' in the Rain,1952,2022-11-19 21:45:43.190470,2022-11-19 21:45:43.190470,163,"Gene Kelly, Donald O'Connor, Debbie Reynolds, Jean Hagen, Millard Mitchell, Cyd Charisse",US,"",English,"","",103,Singin' in the Rain,"","",,"",""
281,The Harvey Girls,1946,2022-11-19 21:47:45.569920,2022-11-19 21:47:45.569920,164,"Judy Garland, John Hodiak, Ray Bolger, Angela Lansbury, Virginia O'Brien",US,"",English,"","",102,The Harvey Girls,"","",,"",""
282,Easter Parade,1948,2022-11-19 21:48:59.514173,2022-11-19 21:48:59.514173,165,"Judy Garland, Fred Astaire, Peter Lawford, Ann Miller",US,"",English,"","",108,Easter Parade,"","",,"",""
283,On the Town,1949,2022-11-19 21:53:09.091857,2022-11-19 21:53:09.091857,163,"Gene Kelly, Frank Sinatra, Betty Garrett, Ann Miller, Jules Munshin, Vera-Ellen",US,"",English,"","",98,On the Town,"","",,"",""
284,Swing Time,1936,2022-11-19 21:54:08.944693,2022-11-19 21:54:08.944693,15,"Fred Astaire, Ginger Rogers",US,"",English,"","",103,Swing Time,"","",,"",""
285,Finian's Rainbow,1968,2022-11-19 21:55:33.915214,2022-11-19 21:55:33.915214,148,"Fred Astaire, Petula Clark, Don Francks, Keenan Wynn, Al Freeman Jr., Barbara Hancock, Tommy Steele",US,"",English,US and Ireland.,"",145,Finian's Rainbow,"","",,"",""
286,Vera Cruz,1954,2022-11-19 21:58:09.450505,2022-11-19 21:58:09.450505,166,"Gary Cooper, Burt Lancaster, Denise Darcel, Cesar Romero, Sara Montiel",US,"",English,"","",94,Vera Cruz,"","",,"",""
287,Eye in the Sky,2015,2022-11-19 21:59:53.046556,2022-11-19 21:59:53.046556,92,"Helen Mirren, Aaron Paul, Alan Rickman, Barkhad Abdi, Jeremy Northam, Iain Glen",UK,"",English,"","",102,Eye in the Sky,"","",,"",""
288,Wag the Dog,1997,2022-11-19 22:02:08.505390,2022-11-19 22:02:08.505390,167,"Dustin Hoffman, Robert De Niro, Anne Heche, Denis Leary, Willie Nelson, Andrea Martin, Woody Harrelson, Kirsten Dunst, William H. Macy",US,"",English,"","",97,Wag the Dog,"","",,"",""
289,Tootsie,1982,2022-11-19 22:03:56.578616,2022-11-19 22:03:56.578616,168,"Dustin Hoffman, Jessica Lange, Teri Garr, Dabney Coleman, Charles Durning, Bill Murray",US,"",English,"","",116,Tootsie,"","",,"",""
290,The Taking of Pelham One Two Three,1974,2022-11-19 22:05:20.731210,2022-11-19 22:05:20.731210,169,"Walter Matthau, Robert Shaw, Martin Balsam, Héctor Elizondo",US,"",English,"","",104,The Taking of Pelham One Two Three,"","",,"",""
291,Muppets Most Wanted,2014,2022-11-19 22:08:10.147690,2022-11-19 22:08:10.147690,170,"Ricky Gervais, Ty Burrell, Tina Fey, Steve Whitmire, Eric Jacobson, Dave Goelz, Bill Barretta, David Rudman, Matt Vogel, Peter Linz",US,"",English,"","",107,Muppets Most Wanted,"","",,"",""
292,If You Believe,1999,2022-11-19 22:12:03.147335,2022-11-19 22:12:03.147335,171,"Ally Walker, Hayden Panettiere, Tom Amandes",US,"",English,TV Movie,"",91,If You Believe,"","",,"",""
293,Ice Princess,2005,2022-11-19 22:15:05.986844,2022-11-19 22:15:05.986844,172,"Joan Cusack, Kim Cattrall, Michelle Trachtenberg, Hayden Panettiere",US,"",English,"","",97,Ice Princess,"","",,"",""
294,Hanna,2011,2022-11-19 22:16:21.317877,2022-11-19 22:16:21.317877,173,"Saoirse Ronan, Eric Bana, Vicky Krieps, Tom Hollander, Olivia Williams, Michelle Dockery, Jessica Barden, Jason Flemyng, Cate Blanchett",US,"",English,"","",111,Hanna,"","",,"",""
295,Sinbad and the Eye of the Tiger,1977,2022-11-19 22:18:15.207562,2022-11-19 22:18:15.207562,174,"Patrick Wayne, Taryn Power, Margaret Whiting, Jane Seymour, Patrick Troughton",US,"",English,"","",113,Sinbad and the Eye of the Tiger,"","",,"",""
296,Jason and the Argonauts,1963,2022-11-19 22:20:09.113141,2022-11-19 22:20:09.113141,175,"Todd Armstrong, Nancy Kovack, Honor Blackman, Gary Raymond",US,"",English,"","",104,Jason and the Argonauts,"","",,"",""
297,The 7th Voyage of Sinbad,1958,2022-11-19 22:21:46.859599,2022-11-19 22:21:46.859599,176,"Kerwin Mathews, Torin Thatcher, Kathryn Grant, Richard Eyer, Alec Mango",US,"",English,"","",88,The 7th Voyage of Sinbad,"","",,"",""
298,Bone Tomahawk,2015,2022-11-19 22:23:29.147825,2022-11-19 22:23:29.147825,177,"Kurt Russell, Patrick Wilson, Matthew Fox, Lili Simmons, Richard Jenkins, Evan Jonigkeit, Kathryn Morris, Sid Haig, David Arquette, Fred Melamed",US,"",English,"","",132,Bone Tomahawk,"","",,"",""
299,Detective Dee: The Mystery of the Phantom Flame,2012,2022-11-19 22:29:09.505774,2022-11-19 22:29:09.505774,178,"Tony Ka Fai Leung, Chao Deng, Carina Lau, Bingbing Li, Andy Lau",CH,"",Mandarin,"","",119,Di Renjie zhi Tongtian diguo,"","",,"",""
300,Sweet Smell of Success,1957,2022-11-19 22:32:05.888804,2022-11-19 22:32:05.888804,179,"Burt Lancaster, Tony Curtis, Susan Harrison, Martin Milner",US,"",English,"","",96,Sweet Smell of Success,"","",,"",""
301,From Here to Eternity,1953,2022-11-19 22:45:04.771421,2022-11-19 22:45:04.771421,13,"Burt Lancaster, Montgomery Clift, Deborah Kerr, Donna Reed, Frank Sinatra",US,"",English,"","",118,From Here to Eternity,"","",,"",""
302,The Train,1964,2022-11-19 22:47:01.595460,2022-11-19 22:47:01.595460,180,"Burt Lancaster, Paul Scofield, Jeanne Moreau, Michel Simon",US,"",English,"","",133,The Train,"","",,"",""
303,The Professionals,1966,2022-11-19 22:48:00.723902,2022-11-19 22:48:00.723902,32,"Burt Lancaster, Lee Marvin, Robert Ryan, Woody Strode, Jack Palance, Claudia Cardinale, Ralph Bellamy",US,"",English,"","",117,The Professionals,"","",,"",""
304,Attack,1956,2022-11-19 22:51:17.071200,2022-11-19 22:51:17.071200,166,"Jack Palance, Eddie Albert, Lee Marvin, William Smithers, Robert Strauss, Buddy Ebsen",US,"",English,"","",107,Attack,"","",,"",""
305,The China Syndrome,1979,2022-11-19 22:53:47.676815,2022-11-19 22:53:47.676815,181,"Jane Fonda, Jack Lemmon, Michael Douglas",US,"",English,"","",122,The China Syndrome,"","",,"",""
306,Silk Stockings,1957,2022-11-19 22:55:29.420278,2022-11-19 22:55:29.420278,182,"Fred Astaire, Cyd Charisse, Janis Paige, Peter Lorre, Jules Munshin, George Tobias, Joseph Buloff",US,"",English,"","",117,Silk Stockings,"","",,"",""
307,The Guard,2011,2022-11-19 22:58:14.130809,2022-11-19 22:58:14.130809,67,"Brendan Gleeson, Don Cheadle, Mark Strong, Liam Cunningham, Fionnula Flanagan",US,"",English,"","",93,The Guard,"","",,"",""
308,Rocky Balboa,2006,2022-11-19 23:01:40.986830,2022-11-19 23:01:40.986830,126,"Sylvester Stallone, Burt Young, Antonio Tarver",US,"",English,"","",102,Rocky Balboa,"","",,"",""
309,The Godfather,1972,2022-11-19 23:03:08.918938,2022-11-19 23:03:08.918938,148,"Marlon Brando, Al Pacino, James Caan, Richard Castellano, Robert Duvall, Sterling Hayden, John Marley, Richard Conte, Diane Keaton",US,"",English,"","",175,The Godfather,"","",,"",""
310,The Godfather Part II,1974,2022-11-19 23:04:41.891116,2022-11-19 23:04:41.891116,148,"Al Pacino, Robert Duvall, Diane Keaton, Robert De Niro, Talia Shire, Morgana King, John Cazale, Mariana Hill, Lee Strasberg",US,"",English,"","",202,The Godfather Part II,"","",,"",""
311,American Gangster,2007,2022-11-19 23:05:49.196419,2022-11-19 23:05:49.196419,64,"Russell Crowe, Denzel Washington, Chiwetel Ejiofor, Cuba Gooding Jr., Josh Brolin, Ted Levine, Armand Assante, John Ortiz,  John Hawkes, RZA",US,"",English,"","",157,American Gangster,"","",,"",""
312,Master and Commander: The Far Side of the World,2003,2022-11-19 23:07:29.681564,2022-11-19 23:07:29.681564,183,"Russell Crowe, Paul Bettany",US,"",English,"","",138,Master and Commander: The Far Side of the World,"","",,"",""
313,Crimson Tide,1995,2022-11-19 23:09:56.698228,2022-11-19 23:09:56.698228,184,"Denzel Washington, Gene Hackman, George Dzundza, Viggo Mortensen, James Gandolfini, Matt Craven",US,"",English,"","",116,Crimson Tide,"","",,"",""
314,The Bad and the Beautiful,1952,2022-11-19 23:11:50.482473,2022-11-19 23:11:50.482473,68,"Lana Turner, Kirk Douglas, Walter Pidgeon, Dick Powell, Barry Sullivan, Gloria Grahame, Gilbert Roland",US,"",English,"","",113,The Bad and the Beautiful,"","",,"",""
315,The Searchers,1956,2022-11-19 23:13:24.047223,2022-11-19 23:13:24.047223,41,"John Wayne, Jeffrey Hunter, Vera Miles, Ward Bond, Natalie Wood",US,"",English,"","",119,The Searchers,"","",,"",""
316,Cool Hand Luke,1967,2022-11-19 23:18:20.257655,2022-11-19 23:18:20.257655,185,"Paul Newman, George Kennedy, J. D. Cannon, Robert Drivas, Lou Antonio, Strother Martin, Jo Van Fleet",US,"",English,"","",126,Cool Hand Luke,"","",,"",""
317,The Young Philadelphians,1959,2022-11-19 23:21:45.050877,2022-11-19 23:21:45.050877,186,"Paul Newman, Barbara Rush, Alexis Smith, Robert Vaughn",US,"",English,"","",136,The Young Philadelphians,"","",,"",""
318,The Hustler,1961,2022-11-19 23:23:08.284218,2022-11-19 23:23:08.284218,187,"Paul Newman, Piper Laurie, George C. Scott, Jackie Gleason, Myron McCormick",US,"",English,"","",134,The Hustler,"","",,"",""
319,Butch Cassidy and the Sundance Kid,1969,2022-11-19 23:24:12.446385,2022-11-19 23:24:12.446385,85,"Paul Newman, Robert Redford, Katharine Ross, Strother Martin, Jeff Corey, Henry Jones",US,"",English,"","",110,Butch Cassidy and the Sundance Kid,"","",,"",""
320,Sweet Bird of Youth,1962,2022-11-19 23:25:12.322153,2022-11-19 23:25:12.322153,32,"Paul Newman, Geraldine Page, Shirley Knight, Ed Begley, Rip Torn, Mildred Dunnock, Madeleine Sherwood",US,"",English,"","",120,Sweet Bird of Youth,"","",,"",""
321,Moonstruck,1987,2022-11-19 23:28:16.327917,2022-11-19 23:28:16.327917,69,"Cher, Nicolas Cage, Vincent Gardenia, Olympia Dukakis, Danny Aiello",US,"",English,"","",102,Moonstruck,"","",,"",""
322,Love and Death,1975,2022-11-19 23:31:35.088569,2022-11-19 23:31:35.088569,7,"Woody Allen, Diane Keaton",US,"",English,"","",85,Love and Death,"","",,"",""
323,Husbands and Wives,1992,2022-11-19 23:32:16.707570,2022-11-19 23:32:16.707570,7,"Woody Allen, Blythe Danner, Judy Davis, Mia Farrow, Juliette Lewis, Liam Neeson, Lysette Anthony, Sydney Pollack",US,"",English,"","",108,Husbands and Wives,"","",,"",""
324,Murder by Death,1976,2022-11-19 23:34:19.527074,2022-11-19 23:34:19.527074,188,"Eileen Brennan, Truman Capote, James Coco, Peter Falk, Alec Guinness, Elsa Lanchester, David Niven, Peter Sellers, Maggie Smith, Nancy Walker, Estelle Winwood",US,"",English,"","",94,Murder by Death,"","",,"",""
326,Somebody Up There Likes Me,1956,2022-11-19 23:40:16.379700,2022-11-19 23:40:16.379700,139,"Paul Newman, Pier Angeli, Everett Sloane",US,"",English,"","",114,Somebody Up There Likes Me,"","",,"",""
327,The Night of the Hunter,1955,2022-11-19 23:41:47.776965,2022-11-19 23:41:47.776965,190,"Robert Mitchum, Shelley Winters, Lillian Gish, Billy Chapin",US,"",English,"","",92,The Night of the Hunter,"","",,"",""
328,The Killing,1956,2022-11-19 23:43:21.794053,2022-11-19 23:43:21.794053,5,"Sterling Hayden, Coleen Gray, Vince Edwards, Jay C. Flippen, Marie Windsor, Ted de Corsia",US,"",English,"","",85,The Killing,"","",,"",""
329,"Paris, Texas",1984,2022-11-19 23:44:41.408301,2022-11-19 23:44:41.408301,17,"Harry Dean Stanton, Nastassja Kinski, Dean Stockwell, Aurore Clément, Hunter Carson",US,"",English,"","",147,"Paris, Texas","","",,"",""
330,The Wrong Man,1956,2022-11-19 23:46:56.285959,2022-11-19 23:46:56.285959,8,"Henry Fonda, Vera Miles",US,"",English,"","",105,The Wrong Man,"","",,"",""
331,The Talk of the Town,1942,2022-11-19 23:48:50.194882,2022-11-19 23:48:50.194882,15,"Cary Grant, Jean Arthur, Ronald Colman",US,"",English,"","",117,The Talk of the Town,"","",,"",""
332,All the President's Men,1976,2022-11-19 23:49:59.031852,2022-11-19 23:49:59.031852,191,"Dustin Hoffman, Robert Redford, Jack Warden, Martin Balsam, Hal Holbrook, Jason Robards",US,"",English,"","",138,All the President's Men,"","",,"",""
333,Unforgiven,1992,2022-11-20 17:47:25.033163,2022-11-20 17:47:25.033163,57,"Clint Eastwood, Gene Hackman, Morgan Freeman, Richard Harris",US,"",English,"","",131,Unforgiven,"","","","",""
334,Notorious,1946,2022-11-20 18:06:16.091569,2022-11-20 18:06:16.091569,8,"Cary Grant, Ingrid Bergman, Claude Rains, Louis Calhern, Leopoldine Konstantin",US,"",English,"","",101,Notorious,"","","","",""
335,The Birds,1963,2022-11-20 18:07:14.600369,2022-11-20 18:07:14.600369,8,"Rod Taylor, Jessica Tandy, Suzanne Pleshette, Tippi Hedren",US,"",English,"","",119,The Birds,"","","","",""
336,The Man Who Knew Too Much,1934,2022-11-20 18:08:04.792958,2022-11-20 18:08:04.792958,8,"Leslie Banks, Edna Best, Peter Lorre, Nova Pilbeam, Frank Vosper",UK,"",English,"","",75,The Man Who Knew Too Much,"","","","",""
337,The 39 Steps,1935,2022-11-20 18:08:49.892990,2022-11-20 18:08:49.893998,8,"Robert Donat, Madeleine Carroll, Lucie Mannheim, Godfrey Tearle",UK,"",English,"","",86,The 39 Steps,"","","","",""
338,North by Northwest,1959,2022-11-20 18:09:38.782185,2022-11-20 18:09:38.782185,8,"Cary Grant, Eva Marie Saint, James Mason, Jessie Royce Landis",US,"",English,"","",136,North by Northwest,"","","","",""
339,Strangers on a Train,1951,2022-11-20 18:10:46.518242,2022-11-20 18:10:46.518242,8,"Farley Granger, Ruth Roman, Robert Walker, Leo G. Carroll",US,"",English,"","",101,Strangers on a Train,"","","","",""
340,M,1931,2022-11-20 18:20:24.680707,2022-11-20 18:20:24.680707,37,"Peter Lorre, Otto Wernicke, Gustaf Gründgens",GE,"",German,"","",111,M,"","","","",""
341,Mad Love,1935,2022-11-20 18:22:47.449564,2022-11-20 18:22:47.449564,192,"Peter Lorre, Frances Drake, Colin Clive, Ted Healy, Sara Haden",US,"",English,"","",68,Mad Love,"","","","",""
342,The Mask of Dimitrios,1944,2022-11-20 18:29:27.727352,2022-11-20 18:29:27.727352,193,"Sydney Greenstreet, Zachary Scott, Faye Emerson, Peter Lorre",US,"",English,"","",95,The Mask of Dimitrios,"","","","",""
343,The Conspirators,1944,2022-11-20 18:31:14.116465,2022-11-20 18:31:14.116465,193,"Hedy Lamarr, Paul Henreid, Sydney Greenstreet, Peter Lorre",US,"",English,"","",101,The Conspirators,"","","","",""
344,Boom Town,1940,2022-11-20 18:34:45.258682,2022-11-20 18:34:45.258682,151,"Clark Gable, Spencer Tracy, Claudette Colbert, Hedy Lamarr",US,"",English,"","",119,Boom Town,"","","","",""
345,The Verdict,1946,2022-11-20 18:40:11.440274,2022-11-20 18:40:11.440274,194,"Sydney Greenstreet, Peter Lorre, Joan Lorring, George Coulouris",US,"",English,"","",86,The Verdict,"","","","",""
346,They Drive by Night,1940,2022-11-20 18:44:58.761067,2022-11-20 18:44:58.761067,60,"George Raft, Ann Sheridan, Ida Lupino, Humphrey Bogart",US,"",English,"","",95,They Drive by Night,"","","","",""
347,The Sea Wolf,1941,2022-11-20 18:49:04.740596,2022-11-20 18:49:04.740596,11,"Edward G. Robinson, Ida Lupino, John Garfield, Alexander Knox",US,"",English,"","",100,The Sea Wolf,"","","","",""
348,Colorado Territory,1949,2022-11-20 18:56:34.555803,2022-11-20 18:56:34.555803,60,"Joel McCrea, Virginia Mayo, Dorothy Malone",US,"",English,"","",94,Colorado Territory,"","","","",""
349,Along the Great Divide,1951,2022-11-20 18:57:08.902187,2022-11-20 18:57:08.902187,60,"Kirk Douglas, Virginia Mayo, John Agar, Walter Brennan",US,"",English,"","",88,Along the Great Divide,"","","","",""
350,Red River,1948,2022-11-20 18:59:05.039253,2022-11-20 18:59:05.039253,28,"John Wayne, Montgomery Clift, Walter Brennan, Joanne Dru",US,"",English,"","",127,Red River,"","","","",""
351,Stagecoach,1939,2022-11-20 19:03:46.489068,2022-11-20 19:03:46.489068,41,"Claire Trevor, John Wayne, Andy Devine, John Carradine, Thomas Mitchell, Louise Platt, George Bancroft, Donald Meek, Berton Churchill, Tim Holt",US,"",English,"","",96,Stagecoach,"","","","",""
352,Fort Apache,1948,2022-11-20 19:09:20.523466,2022-11-20 19:09:20.523466,41,"John Wayne, Henry Fonda",US,"",English,"","",125,Fort Apache,"","","","",""
353,She Wore a Yellow Ribbon,1949,2022-11-20 19:10:05.878834,2022-11-20 19:10:05.878834,41,"John Wayne, Joanne Dru, John Agar, Ben Johnson, Harry Carey Jr.",US,"",English,"","",103,She Wore a Yellow Ribbon,"","","","",""
354,Rio Grande,1950,2022-11-20 19:11:49.593955,2022-11-20 19:11:49.593955,41,"John Wayne, Maureen O'Hara",US,"",English,"","",105,Rio Grande,"","","","",""
355,Operation Pacific,1951,2022-11-20 19:16:19.542514,2022-11-20 19:16:19.542514,195,"John Wayne, Patricia Neal, Ward Bond, Philip Carey",US,"",English,"","",111,Operation Pacific,"","","","",""
356,True Grit,1969,2022-11-20 19:19:19.959540,2022-11-20 19:19:19.959540,117,"John Wayne, Glen Campbell, Kim Darby, Robert Duvall, Jeff Corey, Dennis Hopper, Strother Martin, H.W. Gim, John Fiedler",US,"",English,"","",128,True Grit,"","","","",""
357,Funny Face,1957,2022-11-20 19:24:24.047717,2022-11-20 19:24:24.047717,196,"Audrey Hepburn, Fred Astaire, Kay Thompson, Michel Auclair, Robert Flemyng",US,"",English,"","",103,Funny Face,"","","","",""
358,Wait Until Dark,1967,2022-11-20 19:25:56.840717,2022-11-20 19:25:56.840717,197,"Audrey Hepburn, Alan Arkin, Richard Crenna, Efrem Zimbalist Jr.",US,"",English,"","",108,Wait Until Dark,"","","","",""
359,Robin and Marian,1976,2022-11-20 19:28:53.108582,2022-11-20 19:28:53.108582,198,"Sean Connery, Audrey Hepburn, Robert Shaw, Nicol Williamson, Denholm Elliott, Ronnie Barker, Kenneth Haigh, Ian Holm, Richard Harris",US,"",English,"","",106,Robin and Marian,"","","","",""
360,Charade,1963,2022-11-20 19:29:42.940720,2022-11-20 19:29:42.940720,196,"Cary Grant, Audrey Hepburn, Walter Matthau, James Coburn",US,"",English,"","",113,Charade,"","","","",""
361,The Secret Garden,1993,2022-11-20 19:33:28.587457,2022-11-20 19:33:28.587457,199,"Kate Maberly, Heydon Prowse, Andrew Knott, Maggie Smith",US,"",English,"","",101,The Secret Garden,"","","","",""
362,Monkey Business,1931,2022-11-20 19:39:33.649691,2022-11-20 19:39:33.649691,200,"Groucho Marx, Harpo Marx, Chico Marx, Zeppo Marx, Rockliffe Fellowes, Ruth Hall",US,"",English,"","",77,Monkey Business,"","","","",""
363,Horse Feathers,1932,2022-11-20 19:41:02.706775,2022-11-20 19:41:02.706775,200,"Groucho Marx, Harpo Marx, Chico Marx, Zeppo Marx, Thelma Todd, David Landau",US,"",English,"","",68,Horse Feathers,"","","","",""
364,It's a Great Feeling,1949,2022-11-20 19:46:07.561595,2022-11-20 19:46:07.561595,78,"Doris Day, Dennis Morgan, Jack Carson",US,"",English,"","",85,It's a Great Feeling,"","","","",""
365,The Glass Bottom Boat,1966,2022-11-20 19:46:59.484688,2022-11-20 19:46:59.484688,201,"Doris Day, Rod Taylor, Arthur Godfrey, John McGiver, Paul Lynde, Edward Andrews, Eric Fleming, Dom DeLuise, Dick Martin",US,"",English,"","",110,The Glass Bottom Boat,"","","","",""
366,5 Card Stud,1968,2022-11-21 02:01:09.543158,2022-11-21 02:01:09.543158,117,"Dean Martin, Robert Mitchum, Inger Stevens, Roddy McDowall, Katherine Justice",US,"",English,"","",103,5 Card Stud,"","","","",""
